angDist,_RAJ2000,_DEJ2000,Loc,ID,Type,RAJ2000,DEJ2000,OGLE-IV,Other,Imag,Vmag,Per,T0,Amp,e,i,omega,Var,Mod,P16,Simbad,_RAJ2000,_DEJ2000,[M2002],RAJ2000,DEJ2000,Vmag,B-V,U-B,V-R,e_Vmag,f_[M2002]
0.193646,71.7600833,-68.9171389,LMC,OGLE-LMC-HB-0003,MS,04 47 02.42,-68 55 01.7,LMC539.08.103,OGLE-LMC-ECL-26688,15.886,15.848,4.18621755,9002.575,0.03,0.1357,41.7,168.15,,1,1,Simbad,71.76013,-68.91719,2375,04 47 02.43,-68 55 01.9,15.74,0.0,-0.67,0.34,0.05," "
2.046093,71.8275833,-70.0790556,LMC,OGLE-LMC-HB-0005,RG,04 47 18.62,-70 04 44.6,LMC530.31.2375,,14.225,15.753,494.52238579,9437.2775,0.037,0.3109,61.98,120.44,,1,0,Simbad,71.82667,-70.07858,2632,04 47 18.40,-70 04 42.9,14.94,1.46,,0.58,0.03," "
0.593762,71.8656667,-69.4856111,LMC,OGLE-LMC-HB-0007,RG,04 47 27.76,-69 29 08.2,LMC531.15.2912,,14.506,15.943,662.8315781,9164.6504,0.021,0.5191,69.81,14.44,,1,0,Simbad,71.86608,-69.48569,2798,04 47 27.86,-69 29 08.5,15.97,1.28,,0.79,0.07," "
0.106710,71.9416667,-69.2904167,LMC,OGLE-LMC-HB-0008,RG,04 47 46.00,-69 17 25.5,LMC531.24.4,,14.271,15.623,404.19629985,9264.7313,0.031,0.2117,50.54,2.64,,1,0,Simbad,71.94175,-69.29042,3107,04 47 46.02,-69 17 25.5,15.58,0.89,0.79,0.81,0.04," "
1.138918,72.688625,-70.0981389,LMC,OGLE-LMC-HB-0012,RG,04 50 45.27,-70 05 53.3,LMC530.29.19176,OGLE-LMC-ECL-01488,15.371,16.882,435.48818601,9405.3293,0.041,0.2963,54.82,18.84,ECL,0,1,Simbad,72.68946,-70.098,8730,04 50 45.47,-70 05 52.8,16.09,0.71,0.43,0.51,0.07," "
0.889711,72.8403333,-67.2211667,LMC,OGLE-LMC-HB-0015,RG,04 51 21.68,-67 13 16.2,LMC533.06.19946,,15.238,16.618,311.75154632,9257.1973,0.028,0.1908,65.99,47.29,,1,0,Simbad,72.83971,-67.22122,10449,04 51 21.53,-67 13 16.4,16.27,0.76,0.39,0.71,0.08," "
0.229059,72.9634167,-69.7205833,LMC,OGLE-LMC-HB-0016,RG,04 51 51.22,-69 43 14.1,LMC531.04.31795,,15.207,16.232,128.68966224,9086.3779,0.023,0.2003,76.84,32.68,,1,0,Simbad,72.9635,-69.72064,11861,04 51 51.24,-69 43 14.3,16.21,0.83,0.68,0.61,0.05," "
0.858483,73.0548333,-69.5508889,LMC,OGLE-LMC-HB-0019,RG,04 52 13.16,-69 33 03.2,LMC531.12.24810,,15.487,17.067,547.52193292,9326.1899,0.022,0.4471,60.1,102.19,,1,0,Simbad,73.0555,-69.55094,12966,04 52 13.32,-69 33 03.4,16.68,1.31,,0.85,0.1," "
0.435592,73.0995,-68.3651389,LMC,OGLE-LMC-HB-0020,RG,04 52 23.88,-68 21 54.5,LMC532.13.4,OGLE-LMC-ECL-01908,12.874,14.222,415.37692142,9386.909,0.263,0.0191,12.7,45.88,ECL,0,1,Simbad,73.09937,-68.36525,13496,04 52 23.85,-68 21 54.9,14.38,0.95,0.33,0.76,0.01," "
0.575799,73.7315417,-70.7573889,LMC,OGLE-LMC-HB-0026,RG,04 54 55.57,-70 45 26.6,LMC530.10.2672,,13.916,15.416,699.97540645,9470.9009,0.021,0.4068,45.47,17.27,,0,0,Simbad,73.73196,-70.75747,22599,04 54 55.67,-70 45 26.9,15.2,1.59,,0.72,0.04," "
0.297496,73.7424583,-67.6338889,LMC,OGLE-LMC-HB-0027,MS,04 54 58.19,-67 38 02.0,LMC532.28.22811,OGLE-LMC-ECL-27523,16.177,16.108,6.45144488,9004.7557,0.028,0.3278,48.24,59.89,ECL,0,1,Simbad,73.7425,-67.63397,22764,04 54 58.20,-67 38 02.3,16.06,-0.1,-0.54,0.12,0.05," "
0.210779,73.7872083,-67.5908333,LMC,OGLE-LMC-HB-0028,RG,04 55 08.93,-67 35 27.0,LMC532.28.27326,,14.292,15.669,636.65099804,9517.0527,0.028,0.4939,56.45,2.95,,1,0,Simbad,73.78717,-67.59089,23520,04 55 08.92,-67 35 27.2,15.4,1.09,0.78,0.67,0.03," "
0.391037,73.9344167,-68.7109722,LMC,OGLE-LMC-HB-0031,RG,04 55 44.26,-68 42 39.5,LMC531.27.57392,,15.641,17.281,496.02659813,9267.5482,0.045,0.3979,62.28,174.25,,1,0,Simbad,73.93467,-68.71103,25955,04 55 44.32,-68 42 39.7,17.79,-0.13,,1.37,0.36," "
0.625103,73.9492917,-69.4691667,LMC,OGLE-LMC-HB-0032,MS,04 55 47.83,-69 28 09.0,LMC531.10.36099,OGLE-LMC-ECL-03133,13.965,13.923,31.08959541,9013.0212,0.248,0.7434,89.92,90.03,ECL,0,1,Simbad,73.94946,-69.46933,26248,04 55 47.87,-69 28 09.6,13.79,-0.11,-0.81,-0.05,0.01,m
0.559426,73.959125,-70.0319722,LMC,OGLE-LMC-HB-0033,RG,04 55 50.19,-70 01 55.1,LMC530.26.25958,OGLE-LMC-ECL-03149,15.544,17.149,622.83670628,9177.7579,0.079,0.5506,88.46,70.47,ECL,1,1,Simbad,73.95958,-70.03197,26406,04 55 50.30,-70 01 55.1,16.6,0.88,,0.68,0.07," "
0.681869,74.1802917,-69.5710278,LMC,OGLE-LMC-HB-0036,RG,04 56 43.27,-69 34 15.7,LMC531.10.24,OGLE-LMC-ECL-03512,15.542,17.079,271.60556484,9080.8896,0.056,0.2181,50.99,72.11,OSARG,1,1,Simbad,74.18004,-69.57086,30405,04 56 43.21,-69 34 15.1,16.3,0.28,-0.1,0.49,0.07," "
0.879590,74.203,-70.3555278,LMC,OGLE-LMC-HB-0037,RG,04 56 48.72,-70 21 19.9,LMC530.18.8028,,15.462,16.939,392.5632701,9028.4074,0.026,0.458,44.01,4.06,,1,0,Simbad,74.20371,-70.35558,30876,04 56 48.89,-70 21 20.1,16.69,1.07,,0.84,0.09," "
0.544476,74.25,-69.33225,LMC,OGLE-LMC-HB-0039,RG,04 57 00.00,-69 19 56.1,LMC531.09.50649,,14.914,16.301,356.34948036,9030.262,0.021,0.2962,45.67,17.77,,1,0,Simbad,74.24958,-69.33228,31759,04 56 59.90,-69 19 56.2,15.92,0.65,0.3,0.55,0.06," "
0.568225,74.26675,-70.9612778,LMC,OGLE-LMC-HB-0040,RG,04 57 04.02,-70 57 40.6,LMC508.25.10629,,15.628,17.099,327.99198817,9087.5673,0.021,0.2471,67.11,133.94,,0,0,Simbad,74.26654,-70.96142,32101,04 57 03.97,-70 57 41.1,17.22,1.26,,1.04,0.13," "
1.398165,74.2927083,-70.9730278,LMC,OGLE-LMC-HB-0042,RG,04 57 10.25,-70 58 22.9,LMC508.25.10623,,15.598,17.16,575.53713018,9472.2112,0.039,0.5023,56.24,59.44,,1,0,Simbad,74.29196,-70.97333,32617,04 57 10.07,-70 58 24.0,16.83,1.19,,1.0,0.11," "
1.105517,74.321125,-69.6670556,LMC,OGLE-LMC-HB-0043,MS,04 57 17.07,-69 40 01.4,LMC531.01.45685,OGLE-LMC-ECL-03748,16.231,16.197,8.54248906,9003.6443,0.022,0.4403,42.63,127.26,ECL,0,1,Simbad,74.32162,-69.66731,33207,04 57 17.19,-69 40 02.3,15.55,0.0,-0.49,0.1,0.04," "
0.990149,74.3265833,-69.3212778,LMC,OGLE-LMC-HB-0044,RG,04 57 18.38,-69 19 16.6,LMC531.09.50669,,15.056,16.631,694.336643,9163.2946,0.033,0.5107,63.03,139.02,TEO,1,0,Simbad,74.32725,-69.32142,33322,04 57 18.54,-69 19 17.1,16.31,1.01,,0.72,0.07," "
0.532392,74.3587083,-69.4406389,LMC,OGLE-LMC-HB-0045,MS,04 57 26.09,-69 26 26.3,LMC531.09.42317,OGLE-LMC-ECL-03811,15.876,15.832,4.78841134,9001.2242,0.022,0.2905,52.87,5.94,ECL,0,1,Simbad,74.35912,-69.44067,33951,04 57 26.19,-69 26 26.4,15.41,0.16,-0.73,0.4,0.03," "
0.820282,74.4561667,-70.2043056,LMC,OGLE-LMC-HB-0046,MS,04 57 49.48,-70 12 15.5,LMC509.16.3,,14.102,14.195,43.51868836,9028.8044,0.076,0.4206,18.97,77.79,,1,0,Simbad,74.45671,-70.20444,35784,04 57 49.61,-70 12 16.0,14.4,-0.07,-0.93,0.04,0.01,m
1.852351,74.6275,-70.7488333,LMC,OGLE-LMC-HB-0049,RG,04 58 30.60,-70 44 55.8,LMC508.32.133,,16.122,17.464,394.20182353,9128.8088,0.024,0.4397,58.3,28.81,,1,0,Simbad,74.62904,-70.74875,39150,04 58 30.97,-70 44 55.5,16.45,1.11,,0.86,0.07," "
0.136288,74.9443333,-70.4966944,LMC,OGLE-LMC-HB-0053,RG,04 59 46.64,-70 29 48.1,LMC509.07.10,,14.374,15.986,615.11348448,9551.0619,0.039,0.4543,50.31,46.6,OSARG,1,0,Simbad,74.94442,-70.49667,44653,04 59 46.66,-70 29 48.0,15.89,1.39,,0.76,0.04," "
0.562060,75.0936667,-70.12725,LMC,OGLE-LMC-HB-0055,RG,05 00 22.48,-70 07 38.1,LMC509.15.281,[O96]-D050NE-67,16.057,17.371,197.29586927,9175.1982,0.032,0.3033,31.59,155.82,,1,0,Simbad,75.09387,-70.12739,47038,05 00 22.53,-70 07 38.6,17.26,0.56,,0.78,0.22," "
0.486381,75.1510417,-68.8935556,LMC,OGLE-LMC-HB-0057,RG,05 00 36.25,-68 53 36.8,LMC510.15.58,BRIGHT-LMC-ECL-80,14.161,15.674,302.52136774,9184.361,0.057,0.153,66.07,128.59,,1,0,Simbad,75.15108,-68.89369,47976,05 00 36.26,-68 53 37.3,15.18,1.25,,0.67,0.04," "
0.675678,75.1744583,-67.9637778,LMC,OGLE-LMC-HB-0058,RG,05 00 41.87,-67 57 49.6,LMC532.17.3991,,15.889,17.404,209.44813521,9029.056,0.047,0.1527,76.92,107.58,,1,0,Simbad,75.17471,-67.96394,48369,05 00 41.93,-67 57 50.2,17.52,1.46,,0.69,0.21," "
2.674056,75.2217917,-68.7447222,LMC,OGLE-LMC-HB-0059,RG,05 00 53.23,-68 44 41.0,LMC510.15.41039,,15.399,16.821,419.66250393,9386.2276,0.025,0.4068,62.71,128.98,,1,0,Simbad,75.21992,-68.74442,49132,05 00 52.78,-68 44 39.9,15.81,1.57,,0.55,0.07," "
2.769012,75.2217917,-68.7447222,LMC,OGLE-LMC-HB-0059,RG,05 00 53.23,-68 44 41.0,LMC510.15.41039,,15.399,16.821,419.66250393,9386.2276,0.025,0.4068,62.71,128.98,,1,0,Simbad,75.21967,-68.74472,49130,05 00 52.72,-68 44 41.0,15.87,1.35,,0.83,0.08," "
0.985264,75.4188333,-68.6446389,LMC,OGLE-LMC-HB-0060,RG,05 01 40.52,-68 38 40.7,LMC510.23.129,,15.107,16.64,320.85042678,9136.7361,0.088,0.2758,56.19,152.8,,1,1,Simbad,75.41958,-68.64467,52386,05 01 40.70,-68 38 40.8,16.07,0.59,0.11,0.43,0.06," "
0.827967,75.432,-70.0772222,LMC,OGLE-LMC-HB-0061,RG,05 01 43.68,-70 04 38.0,LMC509.14.150,,15.324,16.933,327.86764191,9124.7248,0.044,0.2677,32.86,167.25,OSARG,1,0,Simbad,75.43267,-70.07725,52591,05 01 43.84,-70 04 38.1,16.54,1.17,,0.77,0.12," "
0.764970,75.4455,-67.4878611,LMC,OGLE-LMC-HB-0062,RG,05 01 46.92,-67 29 16.3,LMC511.15.24099,,16.024,17.383,239.02788675,9059.434,0.023,0.3048,50.86,141.08,,1,0,Simbad,75.44592,-67.488,52818,05 01 47.02,-67 29 16.8,16.9,0.61,,0.37,0.13," "
0.467349,75.5874167,-69.6564167,LMC,OGLE-LMC-HB-0064,RG,05 02 20.98,-69 39 23.1,LMC509.23.25732,OGLE-LMC-ECL-05622,15.058,16.808,526.11492076,9019.3121,0.042,0.3658,77.0,79.5,ECL,1,1,Simbad,75.58779,-69.65642,55120,05 02 21.07,-69 39 23.1,17.23,1.11,,1.22,0.23," "
0.431581,75.6569167,-69.1448889,LMC,OGLE-LMC-HB-0066,RG,05 02 37.66,-69 08 41.6,LMC510.06.51213,2MASS-J05023766-6908416,14.992,16.737,532.15166507,9097.961,0.038,0.1533,58.38,45.39,OSARG,1,0,Simbad,75.65721,-69.14483,56270,05 02 37.73,-69 08 41.4,16.41,0.92,,1.07,0.12," "
0.423159,75.7194583,-67.4726667,LMC,OGLE-LMC-HB-0067,RG,05 02 52.67,-67 28 21.6,LMC511.14.23530,,15.245,16.753,371.7831509,9269.405,0.025,0.1622,63.7,60.52,,1,0,Simbad,75.71954,-67.47278,57314,05 02 52.69,-67 28 22.0,16.6,1.12,,0.76,0.08," "
1.543183,75.7244583,-69.9481667,LMC,OGLE-LMC-HB-0068,RG,05 02 53.87,-69 56 53.4,LMC509.13.28188,,15.546,17.143,315.47569833,9315.2984,0.018,0.119,62.75,62.99,,1,0,Simbad,75.72479,-69.94858,57410,05 02 53.95,-69 56 54.9,15.8,0.42,-0.19,0.51,0.06," "
0.387567,75.7788333,-70.6776667,LMC,OGLE-LMC-HB-0070,MS,05 03 06.92,-70 40 39.6,LMC508.30.21,,14.278,14.336,27.82349191,9024.0099,0.089,0.4761,28.89,89.48,ECL,0,0,Simbad,75.77879,-70.67756,58277,05 03 06.91,-70 40 39.2,14.38,-0.08,-0.94,0.1,0.02,m
1.105329,75.793125,-68.6433889,LMC,OGLE-LMC-HB-0071,MS,05 03 10.35,-68 38 36.2,LMC510.23.38,,14.648,14.486,6.21482724,9002.3327,0.023,0.1627,33.75,7.85,,1,0,Simbad,75.79371,-68.64361,58504,05 03 10.49,-68 38 37.0,14.36,-0.11,-0.82,-0.04,0.02," "
0.198805,75.9731667,-70.6697222,LMC,OGLE-LMC-HB-0075,RG,05 03 53.56,-70 40 11.0,LMC508.29.20212,OGLE-LMC-ECL-06300,15.265,16.896,474.31274627,9119.3431,0.121,0.4174,72.1,111.9,OSARG,1,1,Simbad,75.973,-70.66972,61335,05 03 53.52,-70 40 11.0,16.86,1.01,,0.76,0.14," "
0.153211,76.0963333,-70.37275,LMC,OGLE-LMC-HB-0076,RG,05 04 23.12,-70 22 21.9,LMC509.04.28801,,14.697,16.0,376.76566784,9253.2759,0.021,0.433,65.39,130.88,,1,0,Simbad,76.09646,-70.37275,63043,05 04 23.15,-70 22 21.9,15.96,1.14,,0.7,0.07," "
0.556230,76.189625,-69.2523611,LMC,OGLE-LMC-HB-0078,RG,05 04 45.51,-69 15 08.5,LMC510.05.21,EROS2-star-lm010-0l-7392,13.838,15.356,661.15062181,9477.6988,0.018,0.3895,61.47,123.37,,1,0,Simbad,76.19,-69.25244,64252,05 04 45.60,-69 15 08.8,15.27,1.45,,0.7,0.06," "
0.632834,76.27275,-70.2575278,LMC,OGLE-LMC-HB-0082,RG,05 05 05.46,-70 15 27.1,LMC509.04.28977,,15.086,16.584,449.24411032,9047.908,0.024,0.2045,70.57,24.1,OSARG,1,0,Simbad,76.27321,-70.25761,65321,05 05 05.57,-70 15 27.4,16.26,1.5,,0.51,0.08," "
2.431990,76.288,-68.8100278,LMC,OGLE-LMC-HB-0083,RG,05 05 09.12,-68 48 36.1,LMC510.12.55826,2MASS-J05050911-6848361,14.37,15.572,205.4534104,9072.2551,0.065,0.175,62.36,59.97,,1,0,Simbad,76.28858,-68.81067,65521,05 05 09.26,-68 48 38.4,14.76,1.24,,0.68,0.03," "
0.789418,76.545375,-69.8427222,LMC,OGLE-LMC-HB-0087,RG,05 06 10.89,-69 50 33.8,LMC509.20.110,EROS2-star-lm010-4m-15619,15.141,16.897,394.19183473,9092.2142,0.045,0.18,46.51,15.51,,1,0,Simbad,76.54587,-69.84286,68708,05 06 11.01,-69 50 34.3,16.52,1.71,,0.62,0.12," "
0.318536,76.5671667,-71.0879722,LMC,OGLE-LMC-HB-0088,RG,05 06 16.12,-71 05 16.7,LMC508.20.53,,15.107,16.622,278.18774963,9064.6808,0.033,0.2458,52.31,65.01,,1,0,Simbad,76.56696,-71.08803,68958,05 06 16.07,-71 05 16.9,16.77,1.33,,0.87,0.11," "
0.406416,76.6339583,-71.0228611,LMC,OGLE-LMC-HB-0091,RG,05 06 32.15,-71 01 22.3,LMC508.20.91,,15.436,16.853,302.97045866,9213.4702,0.02,0.1898,62.29,4.73,,1,0,Simbad,76.63371,-71.02294,69739,05 06 32.09,-71 01 22.6,16.9,1.29,,0.4,0.13," "
0.679874,76.639625,-69.9557222,LMC,OGLE-LMC-HB-0092,RG,05 06 33.51,-69 57 20.6,LMC509.11.29072,,15.571,17.153,478.94388079,9284.559,0.04,0.4118,68.13,91.92,,1,0,Simbad,76.64017,-69.95575,69828,05 06 33.64,-69 57 20.7,16.86,0.55,,0.5,0.17," "
0.465909,76.6554583,-70.5634444,LMC,OGLE-LMC-HB-0093,MS,05 06 37.31,-70 33 48.4,LMC508.28.22525,,14.131,14.253,19.88352982,9010.557,0.035,0.3491,13.57,111.93,,1,0,Simbad,76.65575,-70.56353,70001,05 06 37.38,-70 33 48.7,14.24,-0.04,-0.96,0.0,0.02,m
0.322956,76.6720833,-69.1011389,LMC,OGLE-LMC-HB-0094,RG,05 06 41.30,-69 06 04.1,LMC510.04.57410,,14.828,16.265,238.30657515,9009.4628,0.041,0.2467,51.65,36.12,,1,0,Simbad,76.67229,-69.10119,70182,05 06 41.35,-69 06 04.3,15.93,0.73,,0.58,0.09," "
0.935603,77.027125,-70.0172778,LMC,OGLE-LMC-HB-0106,RG,05 08 06.51,-70 01 02.2,LMC509.10.31276,,13.257,14.794,1264.71079183,9673.5873,0.033,0.4903,51.59,149.38,,1,0,Simbad,77.02787,-70.01733,74459,05 08 06.69,-70 01 02.4,14.69,1.7,2.72,0.85,0.02," "
4.742839,77.027125,-70.0172778,LMC,OGLE-LMC-HB-0106,RG,05 08 06.51,-70 01 02.2,LMC509.10.31276,,13.257,14.794,1264.71079183,9673.5873,0.033,0.4903,51.59,149.38,,1,0,Simbad,77.02771,-70.01858,74455,05 08 06.65,-70 01 06.9,14.63,1.75,,0.79,0.03," "
0.144537,77.074125,-68.6619444,LMC,OGLE-LMC-HB-0109,RG,05 08 17.79,-68 39 43.0,LMC510.20.63,EROS2-star-lm018-4l-25595,14.168,15.584,477.31926296,9468.7617,0.014,0.3978,19.12,19.29,TEO,1,0,Simbad,77.07421,-68.66197,75047,05 08 17.81,-68 39 43.1,15.4,1.1,,0.69,0.05," "
0.314144,77.0774583,-70.6277778,LMC,OGLE-LMC-HB-0110,MS,05 08 18.59,-70 37 40.0,LMC508.27.25058,OGLE-LMC-ECL-08260,16.807,17.088,7.49808883,9006.0436,0.031,0.3271,45.66,179.35,ECL,0,1,Simbad,77.07737,-70.62786,75095,05 08 18.57,-70 37 40.3,17.3,0.05,-0.01,0.47,0.2," "
1.550311,77.1927917,-69.3409722,LMC,OGLE-LMC-HB-0111,RG,05 08 46.27,-69 20 27.5,LMC509.27.46503,OGLE-LMC-ECL-08446,15.538,17.329,468.96451404,9054.6494,0.024,0.1224,69.94,44.23,ECL,0,1,Simbad,77.19379,-69.34122,76829,05 08 46.51,-69 20 28.4,17.45,0.56,,0.98,0.32," "
0.295763,77.453875,-68.8796667,LMC,OGLE-LMC-HB-0114,MS,05 09 48.93,-68 52 46.8,LMC510.10.378,,14.91,15.067,56.32956673,9026.0601,0.135,0.2672,20.86,36.19,ECL,0,0,Simbad,77.45404,-68.87961,80949,05 09 48.97,-68 52 46.6,14.19,0.31,-1.2,0.38,0.04," "
0.602374,77.5380417,-69.0055278,LMC,OGLE-LMC-HB-0116,RG,05 10 09.13,-69 00 19.9,,,16.175,17.786,323.29944461,9322.9401,0.026,0.1067,51.07,167.51,,1,0,Simbad,77.5385,-69.00556,82263,05 10 09.24,-69 00 20.0,16.19,1.72,,0.2,0.15," "
1.516750,77.5380417,-69.0055278,LMC,OGLE-LMC-HB-0116,RG,05 10 09.13,-69 00 19.9,,,16.175,17.786,323.29944461,9322.9401,0.026,0.1067,51.07,167.51,,1,0,Simbad,77.53908,-69.00533,82269,05 10 09.38,-69 00 19.2,16.54,1.01,,0.92,0.21," "
0.475156,77.6120833,-69.0776667,LMC,OGLE-LMC-HB-0118,RG,05 10 26.90,-69 04 39.6,LMC510.01.56739,MACHO--79.4898.21,13.929,15.091,303.85357437,9173.7702,0.049,0.1216,59.14,57.01,,1,0,Simbad,77.61237,-69.07775,83496,05 10 26.97,-69 04 39.9,15.16,0.85,-0.02,0.65,0.03," "
0.387161,77.6557083,-69.0536389,LMC,OGLE-LMC-HB-0120,RG,05 10 37.37,-69 03 13.1,LMC510.01.56670,2MASS-J05103732-6903127,13.176,14.801,647.43188562,9269.4799,0.058,0.1474,89.17,115.46,,1,0,Simbad,77.65596,-69.05358,84209,05 10 37.43,-69 03 12.9,14.46,1.22,0.66,0.81,0.02," "
0.307266,77.6982083,-70.1796111,LMC,OGLE-LMC-HB-0122,MS,05 10 47.57,-70 10 46.6,LMC509.09.96,UCAC2---1555512,14.799,15.025,259.47834765,9145.8198,0.097,0.4055,65.15,56.75,,1,0,Simbad,77.69846,-70.17961,84948,05 10 47.63,-70 10 46.6,15.06,0.01,-0.75,0.09,0.02," "
1.169524,77.754,-69.2402778,LMC,OGLE-LMC-HB-0124,RG,05 11 00.96,-69 14 25.0,LMC510.01.615,,15.601,17.022,282.85708801,9166.6993,0.025,0.1911,69.02,47.55,,1,0,Simbad,77.75483,-69.24014,85870,05 11 01.16,-69 14 24.5,16.83,0.49,0.45,0.71,0.15," "
0.593573,77.8152083,-69.4693889,LMC,OGLE-LMC-HB-0125,RG,05 11 15.65,-69 28 09.8,LMC503.16.63783,,14.604,16.291,487.56521728,9315.5602,0.028,0.111,89.5,45.45,,1,0,Simbad,77.81567,-69.46942,86804,05 11 15.76,-69 28 09.9,15.82,1.23,,0.67,0.05," "
0.712046,77.8948333,-69.0661389,LMC,OGLE-LMC-HB-0128,RG,05 11 34.76,-69 03 58.1,LMC503.25.86843,,13.552,15.296,924.72745558,9875.6581,0.06,0.4752,53.16,139.86,OSARG,1,0,Simbad,77.89538,-69.06617,87879,05 11 34.89,-69 03 58.2,14.85,1.22,0.81,0.79,0.03," "
0.387659,77.9060833,-68.8128333,LMC,OGLE-LMC-HB-0129,RG,05 11 37.46,-68 48 46.2,LMC510.09.54673,,15.41,17.139,447.82850539,9187.7311,0.028,0.187,87.91,131.65,,1,0,Simbad,77.90583,-68.81289,88020,05 11 37.40,-68 48 46.4,16.28,0.52,0.79,0.43,0.11," "
0.349289,78.0005417,-69.1439444,LMC,OGLE-LMC-HB-0131,RG,05 12 00.13,-69 08 38.2,LMC503.25.75602,,14.416,16.363,643.54253191,9303.4936,0.038,0.2839,55.15,17.65,OSARG,1,0,Simbad,78.00067,-69.14403,89234,05 12 00.16,-69 08 38.5,16.09,0.85,,0.95,0.11," "
1.760517,78.053125,-69.5796944,LMC,OGLE-LMC-HB-0133,RG,05 12 12.75,-69 34 46.9,LMC503.16.30,,15.354,16.981,304.57521184,9073.8756,0.045,0.1233,49.64,130.14,OSARG,1,0,Simbad,78.05371,-69.57925,89849,05 12 12.89,-69 34 45.3,17.05,0.99,,1.29,0.21," "
0.808046,78.10975,-68.76875,LMC,OGLE-LMC-HB-0136,RG,05 12 26.34,-68 46 07.5,LMC510.08.56268,,15.296,16.753,565.75080859,9435.1728,0.033,0.346,73.89,40.67,,1,0,Simbad,78.11008,-68.76894,90521,05 12 26.42,-68 46 08.2,15.04,0.39,0.2,0.14,0.09," "
1.825459,78.1228333,-69.3690833,LMC,OGLE-LMC-HB-0137,RG,05 12 29.48,-69 22 08.7,LMC503.16.25822,,15.817,17.396,237.04521424,9152.9119,0.057,0.2515,42.52,151.12,,1,0,Simbad,78.12408,-69.36883,90691,05 12 29.78,-69 22 07.8,16.37,0.61,0.04,0.38,0.14," "
0.724691,78.190375,-70.9533056,LMC,OGLE-LMC-HB-0138,RG,05 12 45.69,-70 57 11.9,LMC502.07.27387,,15.681,17.086,221.02039988,9185.8337,0.022,0.2632,45.36,31.96,,1,0,Simbad,78.18987,-70.95319,91439,05 12 45.57,-70 57 11.5,16.65,0.73,,0.62,0.12," "
1.544087,78.4270417,-68.9517222,LMC,OGLE-LMC-HB-0147,RG,05 13 42.49,-68 57 06.2,LMC503.32.40832,,16.688,17.981,204.86200248,9028.0232,0.023,0.1378,51.83,179.82,ECL,0,0,Simbad,78.42621,-68.95203,94178,05 13 42.29,-68 57 07.3,16.9,0.48,,0.84,0.27," "
0.105164,78.5202083,-69.1122778,LMC,OGLE-LMC-HB-0151,RG,05 14 04.85,-69 06 44.2,LMC503.24.28329,2MASS-J05140485-6906441,14.94,16.638,368.29166058,9028.359,0.148,0.2746,72.33,69.38,TEO,1,0,Simbad,78.52029,-69.11228,95375,05 14 04.87,-69 06 44.2,15.76,0.82,-0.3,,0.09," "
0.436115,78.671,-70.2788333,LMC,OGLE-LMC-HB-0152,RG,05 14 41.04,-70 16 43.8,LMC502.23.47959,2MASS-J05144103-7016437,13.635,15.435,593.19948198,9492.1323,0.044,0.1517,54.49,147.57,TEO,1,0,Simbad,78.67117,-70.27894,97302,05 14 41.08,-70 16 44.2,15.17,1.71,,0.92,0.04," "
0.537382,78.6846667,-69.1259444,LMC,OGLE-LMC-HB-0154,MS,05 14 44.32,-69 07 33.4,LMC503.23.91397,OGLE-LMC-ECL-10834,16.723,17.068,11.0748445,9002.3958,0.191,0.1229,89.92,68.65,ECL,0,1,Simbad,78.68508,-69.12592,97467,05 14 44.42,-69 07 33.3,15.68,0.56,0.24,0.2,0.08," "
1.622731,78.7079583,-68.9827778,LMC,OGLE-LMC-HB-0155,RG,05 14 49.91,-68 58 58.0,,,15.566,17.149,322.1674499,9059.3375,0.06,0.2609,64.33,149.66,,1,0,Simbad,78.709,-68.98303,97778,05 14 50.16,-68 58 58.9,15.41,1.1,,0.68,0.06," "
0.428395,78.7109167,-69.0857222,LMC,OGLE-LMC-HB-0157,MS,05 14 50.62,-69 05 08.6,LMC503.23.91256,OGLE-LMC-ECL-10876,15.84,15.786,6.45022953,9003.007,0.025,0.2759,52.29,160.11,ECL,0,1,Simbad,78.71125,-69.08572,97815,05 14 50.70,-69 05 08.6,15.45,0.06,-0.45,-0.11,0.07," "
1.364987,78.7154167,-69.5895278,LMC,OGLE-LMC-HB-0158,RG,05 14 51.70,-69 35 22.3,LMC503.14.69459,,15.812,17.31,394.9965049,9046.8935,0.05,0.3663,81.13,36.31,,1,0,Simbad,78.7165,-69.58956,97871,05 14 51.96,-69 35 22.4,16.12,0.78,,0.24,0.13," "
0.753291,78.7695417,-69.5111944,LMC,OGLE-LMC-HB-0159,RG,05 15 04.69,-69 30 40.3,LMC503.14.83048,,14.476,15.839,268.32942339,9244.8201,0.021,0.1238,65.36,58.82,,0,0,Simbad,78.77004,-69.51131,98570,05 15 04.81,-69 30 40.7,15.21,0.43,0.08,0.62,0.05," "
1.644606,78.9927083,-69.3250833,LMC,OGLE-LMC-HB-0162,RG,05 15 58.25,-69 19 30.3,LMC503.14.53789,OGLE-LMC-ECL-11356,15.543,16.679,295.18888265,9140.8287,0.014,0.2663,58.27,174.62,ECL,0,1,Simbad,78.994,-69.32511,101778,05 15 58.56,-69 19 30.4,15.73,1.23,0.69,0.78,0.08," "
1.205352,79.0556667,-69.718,LMC,OGLE-LMC-HB-0163,RG,05 16 13.36,-69 43 04.8,LMC503.06.25387,OGLE-LMC-ECL-11458,15.435,17.128,425.97483701,9410.8396,0.032,0.2439,65.56,52.1,,1,1,Simbad,79.05583,-69.71767,102689,05 16 13.40,-69 43 03.6,16.43,1.88,,0.57,0.1," "
0.377664,79.0929167,-69.0436111,LMC,OGLE-LMC-HB-0165,RG,05 16 22.30,-69 02 37.0,LMC503.23.47709,,15.748,17.313,514.41316724,9297.976,0.036,0.4367,63.34,161.9,,1,0,Simbad,79.09321,-69.04361,103290,05 16 22.37,-69 02 37.0,17.6,0.03,,1.44,0.46," "
0.696114,79.105875,-69.482,LMC,OGLE-LMC-HB-0167,MS,05 16 25.41,-69 28 55.2,LMC503.13.85800,[BE74]-232,15.065,15.312,242.66963051,9056.5933,0.038,0.1522,21.32,22.32,OSARG/ECL,0,0,Simbad,79.10642,-69.48197,103493,05 16 25.54,-69 28 55.1,14.9,0.2,-0.72,0.41,0.05,m
0.205927,79.1574167,-69.5109722,LMC,OGLE-LMC-HB-0171,RG,05 16 37.78,-69 30 39.5,LMC503.13.85711,,14.203,15.642,468.38217952,9173.1134,0.025,0.4122,83.18,85.34,,1,0,Simbad,79.15758,-69.51097,104246,05 16 37.82,-69 30 39.5,15.53,0.92,,0.6,0.1," "
0.285384,79.2125,-69.1798333,LMC,OGLE-LMC-HB-0172,RG,05 16 51.00,-69 10 47.4,LMC503.22.72076,2MASS-J05165101-6910473,15.205,16.9,421.70088713,9329.1069,0.049,0.2682,61.35,103.96,OSARG,1,0,Simbad,79.21271,-69.17986,105065,05 16 51.05,-69 10 47.5,16.44,1.43,,0.97,0.24," "
0.798688,79.2205,-69.014,LMC,OGLE-LMC-HB-0173,RG,05 16 52.92,-69 00 50.4,LMC503.22.103041,MACHO--79.5867.522,15.945,17.496,277.49034392,9052.699,0.039,0.1061,50.4,30.21,,1,0,Simbad,79.22042,-69.01378,105178,05 16 52.90,-69 00 49.6,16.24,0.56,,0.48,0.14," "
4.945326,79.314,-69.4338611,LMC,OGLE-LMC-HB-0176,RG,05 17 15.36,-69 26 01.9,LMC503.13.36147,MACHO--78.5981.185,16.183,17.39,207.50684205,9106.6075,0.025,0.1369,88.77,124.52,,1,0,Simbad,79.31012,-69.43369,106495,05 17 14.43,-69 26 01.3,15.08,0.14,-0.59,-0.48,0.06," "
0.958635,79.3184167,-70.6262222,LMC,OGLE-LMC-HB-0177,RG,05 17 16.42,-70 37 34.4,LMC502.13.11936,,15.344,17.033,613.02151659,9121.3539,0.053,0.386,76.27,60.81,,1,0,Simbad,79.31904,-70.62639,106628,05 17 16.57,-70 37 35.0,15.96,0.97,,0.77,0.07," "
3.265572,79.3274167,-70.5566944,LMC,OGLE-LMC-HB-0178,RG,05 17 18.58,-70 33 24.1,LMC502.13.18496,,15.765,17.267,313.40799205,9177.0929,0.024,0.3253,55.46,134.99,,1,0,Simbad,79.33012,-70.55658,106794,05 17 19.23,-70 33 23.7,15.37,1.71,,0.86,0.05," "
0.504699,79.3284167,-70.6190278,LMC,OGLE-LMC-HB-0179,RG,05 17 18.82,-70 37 08.5,LMC502.13.11938,EROS2-star-lm057-0k-24951,15.126,16.635,469.8970158,9036.799,0.03,0.3332,65.48,63.18,,1,0,Simbad,79.32867,-70.61914,106775,05 17 18.88,-70 37 08.9,15.86,1.4,,0.54,0.06," "
0.499008,79.4086667,-69.8134444,LMC,OGLE-LMC-HB-0182,RG,05 17 38.08,-69 48 48.4,LMC503.05.11227,,15.467,17.036,297.17905497,9037.2131,0.054,0.3188,68.86,145.46,,1,0,Simbad,79.40875,-69.81358,107944,05 17 38.10,-69 48 48.9,16.25,1.1,,0.78,0.1," "
2.618040,79.43675,-69.6276667,LMC,OGLE-LMC-HB-0185,MS,05 17 44.82,-69 37 39.6,,OGLE-LMC-ECL-12035,16.482,16.925,31.19359123,9004.5841,0.185,0.5672,64.46,73.57,ECL,0,1,Simbad,79.43667,-69.62694,108357,05 17 44.80,-69 37 37.0,14.49,0.31,0.13,0.43,0.04," "
0.605847,79.4377917,-69.7213056,LMC,OGLE-LMC-HB-0186,MS,05 17 45.07,-69 43 16.7,LMC503.05.26668,,14.136,14.044,12.64554356,9008.8274,0.018,0.482,35.3,131.31,,1,0,Simbad,79.43825,-69.72125,108386,05 17 45.18,-69 43 16.5,13.82,-0.07,-0.87,0.05,0.01,m
1.327763,79.542375,-70.3533056,LMC,OGLE-LMC-HB-0188,RG,05 18 10.17,-70 21 11.9,LMC502.21.43786,,15.538,17.213,392.97528192,9295.3542,0.057,0.3166,59.07,25.87,,1,0,Simbad,79.54192,-70.35297,109978,05 18 10.06,-70 21 10.7,16.42,1.39,,0.94,0.12," "
1.134599,79.5650833,-70.1213056,LMC,OGLE-LMC-HB-0190,RG,05 18 15.62,-70 07 16.7,LMC502.29.50438,,15.871,17.357,269.91624627,9071.9999,0.057,0.2999,89.12,141.51,ECL,1,0,Simbad,79.56592,-70.12117,110341,05 18 15.82,-70 07 16.2,16.54,0.86,,0.07,0.15," "
0.701002,79.5780833,-69.1308889,LMC,OGLE-LMC-HB-0191,RG,05 18 18.74,-69 07 51.2,LMC503.21.89773,,15.566,17.32,462.61237175,9094.418,0.028,0.1764,67.81,67.32,,1,0,Simbad,79.57846,-69.13103,110558,05 18 18.83,-69 07 51.7,16.23,1.36,,0.53,0.12," "
1.018255,79.5794167,-70.2951667,LMC,OGLE-LMC-HB-0192,RG,05 18 19.06,-70 17 42.6,LMC502.21.51427,,15.768,17.222,795.52850122,9549.9269,0.024,0.5593,67.58,72.46,,1,0,Simbad,79.57979,-70.29542,110577,05 18 19.15,-70 17 43.5,16.42,0.59,0.39,0.33,0.11," "
1.238720,79.643625,-69.7591667,LMC,OGLE-LMC-HB-0193,RG,05 18 34.47,-69 45 33.0,LMC503.04.92343,,15.609,16.96,279.61563982,9116.6311,0.045,0.2272,63.12,16.04,,1,0,Simbad,79.64383,-69.75883,111491,05 18 34.52,-69 45 31.8,16.25,0.51,0.26,0.66,0.12," "
1.355569,79.6654167,-69.5432222,LMC,OGLE-LMC-HB-0194,MS,05 18 39.70,-69 32 35.6,LMC503.12.73694,OGLE-LMC-ECL-12444,15.515,15.412,11.9524579,9005.8817,0.025,0.5112,31.69,4.72,ECL,0,1,Simbad,79.66613,-69.54294,111815,05 18 39.87,-69 32 34.6,14.56,-0.16,-0.7,-0.04,0.04,m
0.381294,79.7686667,-69.3181667,LMC,OGLE-LMC-HB-0200,RG,05 19 04.48,-69 19 05.4,LMC503.12.57540,2MASS-J05190448-6919053,15.001,16.58,439.93092851,9049.4497,0.045,0.227,60.53,123.14,,1,0,Simbad,79.76892,-69.31811,113445,05 19 04.54,-69 19 05.2,15.75,0.96,0.5,0.69,0.07," "
0.598942,79.8085,-69.8547778,LMC,OGLE-LMC-HB-0201,RG,05 19 14.04,-69 51 17.2,LMC503.04.13750,,15.028,15.887,98.56955573,9046.3732,0.034,0.2899,66.67,150.42,,1,0,Simbad,79.80892,-69.85486,114104,05 19 14.14,-69 51 17.5,15.43,1.12,0.85,0.72,0.07," "
0.991035,79.8113333,-69.8769444,LMC,OGLE-LMC-HB-0202,RG,05 19 14.72,-69 52 37.0,LMC503.04.192,,15.683,17.139,279.8101067,9052.5727,0.042,0.3076,63.4,146.88,ECL,1,0,Simbad,79.81213,-69.87697,114159,05 19 14.91,-69 52 37.1,16.54,1.83,,0.33,0.17," "
2.242638,79.864,-69.2433056,LMC,OGLE-LMC-HB-0205,RG,05 19 27.36,-69 14 35.9,LMC503.21.86,2MASS-J05192735-6914358,15.57,17.089,327.31252155,9200.8335,0.106,0.3002,60.54,163.43,,0,0,Simbad,79.86567,-69.2435,115073,05 19 27.76,-69 14 36.6,16.36,1.06,,0.76,0.13," "
0.614952,79.90725,-70.0236111,LMC,OGLE-LMC-HB-0206,RG,05 19 37.74,-70 01 25.0,LMC502.29.19234,,15.476,17.022,437.98586027,9079.6979,0.017,0.3817,45.57,11.02,,1,0,Simbad,79.90775,-70.02361,115799,05 19 37.86,-70 01 25.0,16.39,0.83,,0.97,0.13," "
0.976451,80.1502917,-70.0128889,LMC,OGLE-LMC-HB-0212,RG,05 20 36.07,-70 00 46.4,LMC502.28.64396,MACHO--78.6457.22,14.477,15.847,319.0109215,9253.4386,0.033,0.1852,70.78,48.65,,1,0,Simbad,80.15108,-70.01292,120148,05 20 36.26,-70 00 46.5,14.19,0.2,-0.06,0.31,0.02," "
0.932386,80.176,-69.9506389,LMC,OGLE-LMC-HB-0214,RG,05 20 42.24,-69 57 02.3,LMC502.28.76914,,14.609,15.366,168.4130966,9116.0629,0.026,0.4173,41.1,85.37,,1,0,Simbad,80.17675,-69.95067,120562,05 20 42.42,-69 57 02.4,14.81,0.63,0.51,0.47,0.03," "
0.511937,80.1821667,-69.3582778,LMC,OGLE-LMC-HB-0215,RG,05 20 43.72,-69 21 29.8,LMC503.11.125728,,15.444,16.719,256.65073481,9216.7821,0.021,0.4864,51.9,98.14,,1,0,Simbad,80.18217,-69.35842,120667,05 20 43.72,-69 21 30.3,15.87,1.2,,0.65,0.08," "
4.489503,80.19925,-69.2003611,LMC,OGLE-LMC-HB-0216,RG,05 20 47.82,-69 12 01.3,LMC503.20.14015,,15.738,17.31,443.98793414,9008.0236,0.049,0.4102,81.33,114.68,,1,0,Simbad,80.20221,-69.19969,121019,05 20 48.53,-69 11 58.9,15.8,1.49,,0.89,0.06," "
0.258137,80.2064167,-69.3700833,LMC,OGLE-LMC-HB-0217,RG,05 20 49.54,-69 22 12.3,LMC503.11.56578,2MASS-J05204953-6922122,15.215,16.888,591.7545783,9086.7163,0.032,0.1842,65.75,32.5,,1,0,Simbad,80.20662,-69.37008,121094,05 20 49.59,-69 22 12.3,16.27,0.82,,0.73,0.15," "
2.093927,80.2417083,-70.3715278,LMC,OGLE-LMC-HB-0218,RG,05 20 58.01,-70 22 17.5,LMC502.20.15011,,15.962,17.454,318.49655806,9067.5239,0.03,0.1988,53.39,2.69,,1,0,Simbad,80.24008,-70.37133,121664,05 20 57.62,-70 22 16.8,16.28,1.25,,0.62,0.1," "
3.132483,80.3264167,-69.2607222,LMC,OGLE-LMC-HB-0220,RG,05 21 18.34,-69 15 38.6,LMC503.20.64,EROS2-star-lm001-0n-8183,15.214,16.88,312.88097049,9123.1254,0.115,0.2887,60.95,46.71,OSARG,0,0,Simbad,80.32733,-69.26153,123128,05 21 18.56,-69 15 41.5,15.37,0.71,0.53,0.66,0.04," "
2.200249,80.339,-69.7290278,LMC,OGLE-LMC-HB-0221,RG,05 21 21.36,-69 43 44.5,LMC503.03.29568,OGLE-LMC-LPV-44996,15.165,17.019,471.68913466,9297.1659,0.042,0.1695,61.72,150.65,TEO,1,0,Simbad,80.34012,-69.7295,123337,05 21 21.63,-69 43 46.2,15.33,1.25,,0.51,0.05," "
0.949363,80.3800417,-69.3651111,LMC,OGLE-LMC-HB-0222,RG,05 21 31.21,-69 21 54.4,LMC503.11.56661,,15.813,17.99,301.41312459,9284.8705,0.034,0.2649,46.36,119.55,,1,0,Simbad,80.38079,-69.36511,124024,05 21 31.39,-69 21 54.4,15.99,1.05,,0.75,0.09," "
0.812478,80.4729583,-69.5155,LMC,OGLE-LMC-HB-0224,RG,05 21 53.51,-69 30 55.8,LMC503.10.80490,,14.751,15.633,107.1770877,9083.5781,0.077,0.3067,53.3,37.34,,1,0,Simbad,80.47358,-69.51544,125551,05 21 53.66,-69 30 55.6,14.83,1.08,0.67,,0.05," "
1.301852,80.5003333,-69.5861944,LMC,OGLE-LMC-HB-0225,MS,05 22 00.08,-69 35 10.3,LMC503.10.64959,,15.801,15.976,13.73924841,9005.0938,0.039,0.2213,38.29,2.92,,1,0,Simbad,80.50137,-69.58619,125966,05 22 00.33,-69 35 10.3,15.11,0.32,0.02,,0.06," "
0.878378,80.5545833,-69.8500833,LMC,OGLE-LMC-HB-0226,RG,05 22 13.10,-69 51 00.3,LMC503.02.78433,,14.452,15.711,668.85475671,9282.4356,0.022,0.4248,61.55,54.73,,1,0,Simbad,80.55517,-69.85022,126835,05 22 13.24,-69 51 00.8,15.63,1.13,0.55,0.65,0.06," "
0.722249,80.721125,-70.187,LMC,OGLE-LMC-HB-0228,RG,05 22 53.07,-70 11 13.2,LMC502.27.32,,15.38,16.912,708.62509695,9436.4721,0.024,0.4084,48.97,129.87,,1,0,Simbad,80.72162,-70.18711,129735,05 22 53.19,-70 11 13.6,16.45,1.02,,0.66,0.15," "
1.027196,80.729875,-70.64625,LMC,OGLE-LMC-HB-0229,RG,05 22 55.17,-70 38 46.5,LMC502.10.12414,,15.362,16.951,459.91790003,9001.5825,0.038,0.3647,88.69,134.89,,1,0,Simbad,80.73029,-70.6465,129879,05 22 55.27,-70 38 47.4,16.8,1.49,,0.63,0.18," "
1.087724,80.7749583,-69.2804167,LMC,OGLE-LMC-HB-0231,RG,05 23 05.99,-69 16 49.5,LMC503.19.43,,15.18,16.831,1033.81970504,9888.0185,0.066,0.5746,60.59,31.92,TEO,1,0,Simbad,80.77575,-69.28053,130653,05 23 06.18,-69 16 49.9,16.38,1.09,,0.36,0.14," "
2.044263,80.7828333,-70.5740833,LMC,OGLE-LMC-HB-0232,RG,05 23 07.88,-70 34 26.7,LMC502.10.19733,OGLE-LMC-ECL-14311,16.699,17.942,111.72393273,9098.4156,0.076,0.2023,64.98,67.04,,1,1,Simbad,80.78317,-70.57464,130780,05 23 07.96,-70 34 28.7,16.75,0.38,,1.28,0.16," "
2.773347,80.8153333,-69.3854444,LMC,OGLE-LMC-HB-0233,RG,05 23 15.68,-69 23 07.6,LMC503.10.34220,MACHO--78.6950.1337,15.414,16.909,462.85864565,9225.8539,0.022,0.2932,45.52,88.51,,1,0,Simbad,80.81317,-69.38556,131199,05 23 15.16,-69 23 08.0,15.96,1.83,,0.75,0.11," "
0.303800,80.8730417,-69.3918889,LMC,OGLE-LMC-HB-0236,RG,05 23 29.53,-69 23 30.8,LMC503.09.85338,2MASS-J05232951-6923309,14.954,16.683,460.33371057,9218.8569,0.083,0.3062,80.81,161.58,TEO,1,1,Simbad,80.87287,-69.39183,131654,05 23 29.49,-69 23 30.6,16.24,1.65,,0.64,0.15," "
0.975434,81.0079583,-69.2311389,LMC,OGLE-LMC-HB-0239,RG,05 24 01.91,-69 13 52.1,LMC503.18.50064,,15.481,17.054,603.74841201,9480.1903,0.033,0.3733,70.44,112.24,OSARG,1,0,Simbad,81.0085,-69.23133,132241,05 24 02.04,-69 13 52.8,16.52,0.97,,0.29,0.13," "
0.580489,81.2777083,-68.8064722,LMC,OGLE-LMC-HB-0246,RG,05 25 06.65,-68 48 23.3,LMC517.16.46859,EROS2-star-lm020-6m-17696,15.546,16.937,200.78698564,9052.384,0.039,0.1134,89.02,170.25,ECL,0,0,Simbad,81.27804,-68.80658,133519,05 25 06.73,-68 48 23.7,16.39,1.03,,0.47,0.09," "
1.412884,81.2834583,-69.4094722,LMC,OGLE-LMC-HB-0247,RG,05 25 08.03,-69 24 34.1,LMC503.09.31338,,15.194,16.819,322.88342205,9285.8421,0.029,0.2465,30.64,46.07,,1,0,Simbad,81.28267,-69.40975,133542,05 25 07.84,-69 24 35.1,16.04,1.04,,1.01,0.11," "
0.865426,81.5760833,-69.1955833,LMC,OGLE-LMC-HB-0253,RG,05 26 18.26,-69 11 44.1,LMC517.07.52822,MACHO--80.7437.74,15.878,17.285,234.99959214,9093.8982,0.017,0.2093,48.95,148.26,,1,0,Simbad,81.57658,-69.19542,135383,05 26 18.38,-69 11 43.5,17.28,1.07,,0.42,0.31," "
0.267180,81.601875,-68.7847222,LMC,OGLE-LMC-HB-0254,MS,05 26 24.45,-68 47 05.0,LMC517.15.43517,J052624.45-684705.0,13.473,13.772,32.82939076,9031.0027,0.321,0.5473,42.51,130.64,TEO,1,0,Simbad,81.60208,-68.78472,135619,05 26 24.50,-68 47 05.0,13.56,0.11,-0.84,0.13,0.01,m
0.590370,81.8105417,-69.03325,LMC,OGLE-LMC-HB-0263,MS,05 27 14.53,-69 01 59.7,LMC517.07.33274,OGLE-LMC-ECL-16111,14.804,14.696,7.00722225,9005.6964,0.032,0.2251,41.32,114.56,ECL,0,1,Simbad,81.811,-69.03325,137832,05 27 14.64,-69 01 59.7,14.58,-0.07,-0.83,0.09,0.03," "
0.677751,81.8416667,-68.9370278,LMC,OGLE-LMC-HB-0265,RG,05 27 22.00,-68 56 13.3,LMC517.15.7,EROS2-star-lm020-7n-11720,13.829,15.29,462.12749046,9263.7052,0.02,0.1788,89.26,66.3,,1,0,Simbad,81.84217,-68.93708,138171,05 27 22.12,-68 56 13.5,14.68,0.85,,0.65,0.03," "
0.419112,81.9189583,-69.0997778,LMC,OGLE-LMC-HB-0268,MS,05 27 40.55,-69 05 59.2,LMC517.07.22356,OGLE-LMC-ECL-16303,15.282,15.175,14.10109347,9001.1074,0.024,0.5182,44.55,126.92,ECL,0,1,Simbad,81.91925,-69.09983,139075,05 27 40.62,-69 05 59.4,14.88,-0.15,-0.84,0.01,0.04," "
1.130269,81.924125,-69.2658889,LMC,OGLE-LMC-HB-0270,RG,05 27 41.79,-69 15 57.2,LMC517.07.49,,15.712,17.338,366.04269381,9324.4422,0.049,0.3202,55.15,18.61,,1,0,Simbad,81.925,-69.26594,139137,05 27 42.00,-69 15 57.4,16.78,0.79,,0.29,0.17," "
0.391341,82.0794167,-69.13075,LMC,OGLE-LMC-HB-0273,MS,05 28 19.06,-69 07 50.7,LMC517.06.60528,,15.041,14.909,7.54821373,9006.8857,0.028,0.2729,48.24,0.08,,1,0,Simbad,82.07971,-69.13078,140948,05 28 19.13,-69 07 50.8,13.99,-0.29,-0.71,-0.07,0.02,m
0.429759,82.4529583,-69.3885,LMC,OGLE-LMC-HB-0288,RG,05 29 48.71,-69 23 18.6,LMC516.31.21042,,15.346,17.136,422.36144998,9315.3875,0.045,0.0996,45.85,57.5,OSARG,1,0,Simbad,82.45321,-69.38858,145389,05 29 48.77,-69 23 18.9,16.29,0.86,,0.79,0.12," "
0.643119,82.5809167,-69.1231389,LMC,OGLE-LMC-HB-0293,RG,05 30 19.42,-69 07 23.3,LMC517.05.53123,,15.836,17.327,259.12466269,9244.0672,0.044,0.2875,53.91,134.61,,1,0,Simbad,82.58108,-69.12297,147104,05 30 19.46,-69 07 22.7,16.57,0.77,,0.73,0.12," "
0.920718,82.7464583,-69.1147222,LMC,OGLE-LMC-HB-0299,MS,05 30 59.15,-69 06 53.0,LMC517.05.18823,,14.958,14.937,14.047368,9006.3711,0.017,0.5074,24.38,39.31,,1,0,Simbad,82.74717,-69.11469,149477,05 30 59.32,-69 06 52.9,14.42,-0.07,-0.78,0.05,0.01," "
1.003757,82.78775,-69.4084167,LMC,OGLE-LMC-HB-0302,MS,05 31 09.06,-69 24 30.3,LMC516.30.19742,OGLE-LMC-ECL-18047,15.002,14.849,4.584898,9002.0438,0.015,0.1499,33.25,101.08,ECL,0,1,Simbad,82.78854,-69.40844,150035,05 31 09.25,-69 24 30.4,14.63,0.01,-0.76,0.07,0.02," "
1.090023,82.7884167,-69.4636389,LMC,OGLE-LMC-HB-0303,RG,05 31 09.22,-69 27 49.1,LMC516.30.9061,,15.441,17.081,456.37813636,9216.7204,0.028,0.1442,56.15,171.08,OSARG,1,0,Simbad,82.78925,-69.46356,150046,05 31 09.42,-69 27 48.8,16.16,1.11,,0.75,0.08," "
1.860651,83.0095833,-69.5359444,LMC,OGLE-LMC-HB-0307,RG,05 32 02.30,-69 32 09.4,LMC516.29.34554,,15.844,17.357,427.74703213,9157.4882,0.025,0.1584,70.62,38.57,,1,0,Simbad,83.01017,-69.53547,152938,05 32 02.44,-69 32 07.7,16.64,1.37,,0.61,0.16," "
2.678148,83.1035833,-69.1162222,LMC,OGLE-LMC-HB-0310,RG,05 32 24.86,-69 06 58.4,LMC517.04.18137,,16.119,17.384,283.22995667,9265.4828,0.021,0.2425,72.23,13.72,,1,0,Simbad,83.10562,-69.11606,154176,05 32 25.35,-69 06 57.8,16.04,1.3,,0.66,0.08," "
0.581040,83.110625,-69.5225833,LMC,OGLE-LMC-HB-0312,RG,05 32 26.55,-69 31 21.3,LMC516.29.43328,J053226.44-693122.1,12.965,14.781,650.62295309,9412.9835,0.103,0.1801,78.16,132.96,OSARG,0,0,Simbad,83.11108,-69.52261,154250,05 32 26.66,-69 31 21.4,14.45,1.44,1.29,0.94,0.02," "
1.560826,83.153,-69.4123333,LMC,OGLE-LMC-HB-0314,MS,05 32 36.72,-69 24 44.4,LMC516.29.54441,OGLE-LMC-ECL-18727,14.668,14.731,10.35699801,9002.3813,0.049,0.2824,56.99,24.79,ECL,0,1,Simbad,83.15421,-69.41225,154811,05 32 37.01,-69 24 44.1,13.23,-0.05,-0.75,0.05,0.01,m
0.870212,83.1666667,-69.2250278,LMC,OGLE-LMC-HB-0316,RG,05 32 40.00,-69 13 30.1,LMC517.04.8610,EROS2-star-lm002-1k-28820,15.099,16.985,414.49033106,9350.7546,0.138,0.2209,62.19,57.12,OSARG,0,0,Simbad,83.16708,-69.22522,154979,05 32 40.10,-69 13 30.8,15.94,1.33,,0.66,0.06," "
0.571689,83.5294167,-69.1204167,LMC,OGLE-LMC-HB-0328,RG,05 34 07.06,-69 07 13.5,LMC517.03.14176,,16.359,17.745,319.99804872,9059.8759,0.046,0.3244,52.73,106.25,,1,0,Simbad,83.52979,-69.12033,159320,05 34 07.15,-69 07 13.2,16.69,0.91,,0.63,0.11," "
0.447671,83.54475,-67.4459444,LMC,OGLE-LMC-HB-0330,MS,05 34 10.74,-67 26 45.4,LMC518.19.11621,OGLE-LMC-ECL-35417,14.499,14.361,9.46689097,9003.0631,0.019,0.364,56.98,32.45,ECL,0,1,Simbad,83.54504,-67.446,159492,05 34 10.81,-67 26 45.6,14.34,-0.17,-0.85,0.0,0.02," "
1.547280,83.7230833,-69.49075,LMC,OGLE-LMC-HB-0336,RG,05 34 53.54,-69 29 26.7,LMC516.28.7203,,15.889,17.458,433.4939955,9220.4117,0.041,0.3494,57.36,41.09,,1,0,Simbad,83.72421,-69.49058,161353,05 34 53.81,-69 29 26.1,16.55,0.45,,0.29,0.15," "
0.575360,83.8203333,-69.0482778,LMC,OGLE-LMC-HB-0340,MS,05 35 16.88,-69 02 53.8,LMC517.02.37346,OGLE-LMC-ECL-19871,15.029,15.132,15.48356209,9000.5884,0.007,0.5631,33.16,169.58,ECL,0,1,Simbad,83.82075,-69.04822,162271,05 35 16.98,-69 02 53.6,14.8,0.04,-0.76,0.11,0.02," "
0.458354,83.830125,-67.2671667,LMC,OGLE-LMC-HB-0341,MS,05 35 19.23,-67 16 01.8,LMC518.19.5811,OGLE-LMC-ECL-35756,14.092,13.938,16.15973426,9003.5143,0.097,0.6667,88.24,88.07,ECL,0,1,Simbad,83.83042,-67.26711,162381,05 35 19.30,-67 16 01.6,13.86,-0.19,-0.91,-0.05,0.01,m
0.381865,83.8481667,-68.8171944,LMC,OGLE-LMC-HB-0342,MS,05 35 23.56,-68 49 01.9,LMC517.10.33992,,15.527,15.425,6.66142638,9005.8772,0.027,0.2195,35.64,4.11,,1,0,Simbad,83.84846,-68.81719,162582,05 35 23.63,-68 49 01.9,15.25,-0.19,-0.73,0.08,0.03,m
0.398563,83.863375,-67.9620278,LMC,OGLE-LMC-HB-0343,MS,05 35 27.21,-67 57 43.3,LMC518.02.2736,OGLE-LMC-ECL-35797,16.577,16.634,5.17029561,9001.2147,0.029,0.1669,89.02,103.19,,1,1,Simbad,83.86367,-67.96203,162759,05 35 27.28,-67 57 43.3,16.74,-0.12,-0.44,-0.54,0.09," "
0.699429,84.002,-69.4905556,LMC,OGLE-LMC-HB-0346,MS,05 36 00.48,-69 29 26.0,LMC516.27.38569,MACHO--81.9006.10,14.548,14.561,20.40130101,9013.5908,0.026,0.4711,56.38,64.19,,1,0,Simbad,84.00229,-69.49039,164228,05 36 00.55,-69 29 25.4,14.16,-0.01,-0.74,0.07,0.02," "
0.126074,84.0559583,-68.9289722,LMC,OGLE-LMC-HB-0348,MS,05 36 13.43,-68 55 44.3,LMC517.10.23,MCPS-084.05595-68.92893,14.412,14.338,8.67916557,9000.5284,0.015,0.338,24.76,40.25,,1,0,Simbad,84.05592,-68.92894,164884,05 36 13.42,-68 55 44.2,13.88,-0.12,-0.92,0.01,0.02,m
3.807447,84.1075417,-69.4867222,LMC,OGLE-LMC-HB-0350,MS,05 36 25.81,-69 29 12.2,LMC516.27.38572,,14.713,14.645,4.95038812,9001.2363,0.019,0.3054,40.21,117.99,TEO,1,0,Simbad,84.10683,-69.48775,165481,05 36 25.64,-69 29 15.9,12.96,-0.07,-0.97,-0.01,0.01,m
0.963617,84.2552083,-68.4344167,LMC,OGLE-LMC-HB-0354,RG,05 37 01.25,-68 26 03.9,LMC517.18.33377,EROS2-star-lm022-4k-12751,15.493,17.033,418.90159704,9184.2913,0.032,0.2848,73.74,38.05,,1,0,Simbad,84.25592,-68.43436,167169,05 37 01.42,-68 26 03.7,16.64,1.07,,0.95,0.11," "
0.512721,84.3538333,-69.3348611,LMC,OGLE-LMC-HB-0356,MS,05 37 24.92,-69 20 05.5,LMC516.26.41372,OGLE-LMC-ECL-20866,15.999,15.993,9.4977813,9008.466,0.009,0.5436,28.53,60.26,ECL,0,1,Simbad,84.35421,-69.33481,168226,05 37 25.01,-69 20 05.3,15.63,-0.07,-0.92,0.12,0.07," "
0.197449,84.435375,-68.0332778,LMC,OGLE-LMC-HB-0360,RG,05 37 44.49,-68 01 59.8,LMC554.25.15,EROS2-star-lm022-2k-4629,14.614,16.399,694.27523509,9371.9587,0.129,0.4005,58.53,36.13,,0,0,Simbad,84.43542,-68.03333,169116,05 37 44.50,-68 02 00.0,16.12,1.34,,0.89,0.06," "
0.842808,84.4630417,-69.5406389,LMC,OGLE-LMC-HB-0361,MS,05 37 51.13,-69 32 26.3,LMC516.26.20393,,16.987,17.545,62.61625729,9006.4099,0.058,0.4127,33.39,47.69,,1,0,Simbad,84.46367,-69.54072,169427,05 37 51.28,-69 32 26.6,17.82,0.04,-0.19,,0.3," "
0.789199,84.6714583,-67.9685556,LMC,OGLE-LMC-HB-0366,RG,05 38 41.15,-67 58 06.8,LMC554.24.23,,13.991,15.295,657.84568968,9521.9243,0.017,0.229,61.73,155.97,ECL,0,0,Simbad,84.67192,-67.96869,171521,05 38 41.26,-67 58 07.3,14.98,0.91,0.56,0.64,0.03," "
0.548845,85.4155833,-68.5396111,LMC,OGLE-LMC-HB-0381,RG,05 41 39.74,-68 32 22.6,LMC554.06.18700,,15.887,17.364,284.19851506,9198.5905,0.024,0.277,57.1,177.4,,1,0,Simbad,85.416,-68.53961,176591,05 41 39.84,-68 32 22.6,16.79,0.82,,1.05,0.11," "
0.861396,85.6992917,-68.36675,LMC,OGLE-LMC-HB-0388,RG,05 42 47.83,-68 22 00.3,LMC554.13.40,OGLE-LMC-ECL-23069,15.303,16.944,429.26272559,9240.5194,0.074,0.3081,89.33,110.59,,1,1,Simbad,85.69992,-68.36669,178268,05 42 47.98,-68 22 00.1,16.69,0.89,,0.9,0.11," "
3.552062,85.8307083,-69.1660833,LMC,OGLE-LMC-HB-0392,MS,05 43 19.37,-69 09 57.9,LMC553.22.22853,OGLE-LMC-ECL-23256,14.797,15.075,20.83300193,9016.6117,0.151,0.1282,88.46,79.28,,0,1,Simbad,85.8325,-69.16533,178890,05 43 19.80,-69 09 55.2,13.48,0.31,-0.63,0.31,0.01," "
0.470920,85.9709167,-68.8206389,LMC,OGLE-LMC-HB-0393,RG,05 43 53.02,-68 49 14.3,LMC553.30.22842,EROS2-star-lm022-7m-8797,15.318,16.97,463.23633971,9082.8006,0.067,0.3155,85.07,68.78,,1,0,Simbad,85.97125,-68.82069,179471,05 43 53.10,-68 49 14.5,16.69,1.32,,0.8,0.1," "
