ID,irslope,ac
OGLE LMC-HB-0001,0.07125453428506091,-0.6961912637172951
OGLE LMC-HB-0002,0.18424610761209384,-0.49848445937515495
OGLE LMC-HB-0003,-0.32287601968237956,0.16911429071822287
OGLE LMC-HB-0004,-0.1327597078287242,-0.7683668081845916
OGLE LMC-HB-0005,0.05131944296673802,-0.7735131305301896
OGLE LMC-HB-0006,0.08059786975513493,-0.5298375933645549
OGLE LMC-HB-0007,-0.044990810701599694,-0.8504903933427467
OGLE LMC-HB-0008,-0.28604070532574727,-0.2685998900401944
OGLE LMC-HB-0009,-0.02946296871754559,-0.8197986732755662
OGLE LMC-HB-0010,0.6046235374461534,-0.07581432719979544
OGLE LMC-HB-0011,0.01516669330961334,-0.7649283667416023
OGLE LMC-HB-0012,-0.0989699023667661,-0.776345090309156
OGLE LMC-HB-0013,0.017362403562799205,-0.7868341248529073
OGLE LMC-HB-0014,-0.48435993808712485,0.5034254649947363
OGLE LMC-HB-0015,-0.08001572446801161,-0.8327917551262572
OGLE LMC-HB-0016,-0.1116677787101098,0.27955143089251194
OGLE LMC-HB-0017,-1.035900521731362,-0.4283181409619301
OGLE LMC-HB-0018,0.029424953363345642,-0.7473464537615052
OGLE LMC-HB-0019,-0.3225651618948433,-0.7545404438212049
OGLE LMC-HB-0020,-0.6629721601550309,0.15298926819169306
OGLE LMC-HB-0021,0.10063770715563558,-0.8130757062048919
OGLE LMC-HB-0022,0.0491963366448179,-0.6056252824820751
OGLE LMC-HB-0023,0.1883820699008716,-0.7228309834819987
OGLE LMC-HB-0024,-0.16993457107958854,-0.8808771032235675
OGLE LMC-HB-0025,-0.09189554577861847,-0.444073459355317
OGLE LMC-HB-0026,0.02504046843472057,-0.6206167332010515
OGLE LMC-HB-0027,0.37767488627144147,-0.4904061930827685
OGLE LMC-HB-0028,-0.12631910105246913,-0.7481357079650535
OGLE LMC-HB-0029,0.004978743249046298,-0.4936989403697873
OGLE LMC-HB-0030,-1.8365902440895063,0.7781704794921415
OGLE LMC-HB-0031,0.10185872569286214,-0.7827660531209409
OGLE LMC-HB-0032,-0.05434261485536738,-0.4588360927991589
OGLE LMC-HB-0033,-0.06074560824540348,-0.9321320528454776
OGLE LMC-HB-0034,0.08649491824361241,-0.47042972793738597
OGLE LMC-HB-0035,-0.06512774035606951,-0.37032280408238805
OGLE LMC-HB-0036,0.14203198651558963,-0.9476993945341347
OGLE LMC-HB-0037,-0.07904284797891667,-0.6170058175701296
OGLE LMC-HB-0038,0.14876823779690473,-0.9439276421776951
OGLE LMC-HB-0039,0.08933290416567584,-0.7546125973569492
OGLE LMC-HB-0040,0.15099829893251446,-0.6405177008722766
OGLE LMC-HB-0041,-0.05181088358056926,-0.7730464615102769
OGLE LMC-HB-0042,0.2506903106088188,-0.5574010075742531
OGLE LMC-HB-0043,-0.5633342627247343,2.2089403526421356
OGLE LMC-HB-0044,-0.021493343521334127,-0.8923835251290635
OGLE LMC-HB-0045,-2.4217650171000256,1.3032232795374343
OGLE LMC-HB-0046,-0.9563418862426458,0.37491636864923467
OGLE LMC-HB-0047,0.15192610950996416,-0.8136411793226458
OGLE LMC-HB-0048,-0.10069535988287964,-0.6190730593899927
OGLE LMC-HB-0049,-0.2822288768087588,1.6052621936982856
OGLE LMC-HB-0050,0.2888923851437396,-0.773502824261721
OGLE LMC-HB-0051,-0.7092297242898986,-0.7753640962243642
OGLE LMC-HB-0052,0.05979966482725341,-0.39900052672235864
OGLE LMC-HB-0053,-0.1686365152093218,-0.7458584113118134
OGLE LMC-HB-0054,0.027858864709893794,-0.7890382061977486
OGLE LMC-HB-0055,0.09431885751110312,-0.8609875351167476
OGLE LMC-HB-0056,-0.7404041611835749,7.039735168080431
OGLE LMC-HB-0057,-0.1669762638594123,-0.33836227328244906
OGLE LMC-HB-0058,0.011679906254874207,-0.8380260698647497
OGLE LMC-HB-0059,-0.045089635236420254,-0.8114262688007592
OGLE LMC-HB-0060,0.024017030179127867,-0.682882637001407
OGLE LMC-HB-0061,-0.07406537767083413,-0.6597232155013547
OGLE LMC-HB-0062,0.2232468258287867,-0.7676762736405237
OGLE LMC-HB-0063,0.05414525514053348,-0.5355278107998821
OGLE LMC-HB-0064,0.1589416062725951,-0.7605465538089531
OGLE LMC-HB-0065,0.06913687828772226,-0.8133072830379356
OGLE LMC-HB-0066,0.13776909693649791,-0.8389968449116046
OGLE LMC-HB-0067,-0.10616103049222718,-0.7664172669310678
OGLE LMC-HB-0068,0.004030031874252738,2.2066590505894808
OGLE LMC-HB-0069,-0.6040125886887173,-0.5639055281371779
OGLE LMC-HB-0070,-0.627522647679269,0.6529171190625881
OGLE LMC-HB-0071,-0.7465491297177919,0.7967572674795635
OGLE LMC-HB-0072,0.04433389790595244,-0.6663023306053617
OGLE LMC-HB-0073,-0.08563129710805581,-0.6340079131447706
OGLE LMC-HB-0074,-0.13298594862434265,-0.8035782644255203
OGLE LMC-HB-0075,0.012077088089549704,-0.8707657062942418
OGLE LMC-HB-0076,-0.025889390086724695,-0.7922781300416485
OGLE LMC-HB-0077,-0.23975107342734867,-0.5483368423908622
OGLE LMC-HB-0078,-0.01976116046544486,-0.6412930850314855
OGLE LMC-HB-0079,0.15620199080672637,-0.9893825881677544
OGLE LMC-HB-0080,-0.15367628730841035,-0.5426704872393551
OGLE LMC-HB-0081,0.047251760752730715,-0.6259123475773747
OGLE LMC-HB-0082,-0.056169133223304565,-0.8292792974450898
OGLE LMC-HB-0083,-0.6430873079993031,0.34168294121921694
OGLE LMC-HB-0084,-1.1831945495831941,0.3423186633414994
OGLE LMC-HB-0085,0.1401060627486239,-0.6680629705382751
OGLE LMC-HB-0086,0.21697761402729096,-0.36397851267730214
OGLE LMC-HB-0087,-0.15901290699281337,-0.6467765052860341
OGLE LMC-HB-0088,-0.01495952904773811,-0.514220300504993
OGLE LMC-HB-0089,-0.06160695022423798,-0.7903131378433671
OGLE LMC-HB-0090,0.08534001918950998,-0.7689547685810627
OGLE LMC-HB-0091,-0.061500552848644835,-0.6956906395903596
OGLE LMC-HB-0092,-0.15587083619841244,-0.7169966679668305
OGLE LMC-HB-0093,-1.1980613777187654,0.5003001514623558
OGLE LMC-HB-0094,-0.043066643456906924,-0.8004460402912106
OGLE LMC-HB-0095,0.06659547213851115,0.08094686974985961
OGLE LMC-HB-0096,0.018136806480423158,-0.5033127706844723
OGLE LMC-HB-0097,0.029045678607054145,-0.7775439339990698
OGLE LMC-HB-0098,-0.00882969219954243,-0.9180586089083809
OGLE LMC-HB-0099,-0.049753400831926115,-0.34442808545933307
OGLE LMC-HB-0100,-0.09078036612043394,-0.8520228480230913
OGLE LMC-HB-0101,-0.10052520697032706,-0.34236525797544215
OGLE LMC-HB-0102,-0.35705451320656667,0.2145665264460365
OGLE LMC-HB-0103,-0.056434667378598945,-0.668228218850604
OGLE LMC-HB-0104,0.46832972005203294,-0.45743818124989566
OGLE LMC-HB-0105,-0.08343718026780127,-0.7929624450955016
OGLE LMC-HB-0106,-0.04138324863451642,-0.5886790632711748
OGLE LMC-HB-0107,-0.09198544517474128,-0.5220424042460178
OGLE LMC-HB-0108,0.5618319458583286,-0.8296413487962837
OGLE LMC-HB-0109,0.06753065119604755,-0.750543427706628
OGLE LMC-HB-0110,-0.6284763555584464,0.35813186948223136
OGLE LMC-HB-0111,-0.004006498043692603,-1.0743007108285367
OGLE LMC-HB-0112,-0.6491271660158818,0.9315252341944593
OGLE LMC-HB-0113,-0.3600017597336809,-0.7060797584564056
OGLE LMC-HB-0114,-6.54481605224655,1.036448178208492
OGLE LMC-HB-0115,-0.2278300457809043,-0.8783902919136677
OGLE LMC-HB-0116,0.02546434723863781,-0.9936798464162175
OGLE LMC-HB-0117,0.10828030917288574,-0.7062867198671159
OGLE LMC-HB-0118,-1.6110337751970651,1.2663799318636955
OGLE LMC-HB-0119,-0.12249378719247021,-0.8359444515108788
OGLE LMC-HB-0120,-0.14581307253711956,0.7485095577545428
OGLE LMC-HB-0121,-0.1830144723115796,-0.429203039780858
OGLE LMC-HB-0122,-1.630648020746847,0.8984889980012517
OGLE LMC-HB-0123,-0.6543601771158417,-0.6922492899042448
OGLE LMC-HB-0124,0.6154775854128005,-0.7009184351454634
OGLE LMC-HB-0125,0.017776991820527856,-0.8066672842841994
OGLE LMC-HB-0126,0.07917239589969666,-0.8390590754857665
OGLE LMC-HB-0127,-0.011339919167361748,-0.08582688123763786
OGLE LMC-HB-0128,0.06271049443708192,-0.5007138452932267
OGLE LMC-HB-0129,-0.1690265090717445,0.5689498536330598
OGLE LMC-HB-0130,-0.027594936664589353,-0.8702595005120227
OGLE LMC-HB-0131,0.07254303854362462,-0.8824121072056231
OGLE LMC-HB-0132,0.23246607946070205,-0.7257831564136225
OGLE LMC-HB-0133,0.21129851070557198,-0.8433166095545281
OGLE LMC-HB-0134,0.31406897801155936,-0.07603086828202213
OGLE LMC-HB-0135,0.23341000991571384,-0.7553611500026286
OGLE LMC-HB-0136,-1.032734904908418,2.0427341000847044
OGLE LMC-HB-0137,-0.4186314557022349,-0.8316440062078765
OGLE LMC-HB-0138,-0.03151315283728418,-0.6539265290605419
OGLE LMC-HB-0139,-0.08276887472486329,-0.5128303624205753
OGLE LMC-HB-0140,0.9387493093715823,-0.18964491258627736
OGLE LMC-HB-0141,-0.4476438292883166,-0.5115224376580193
OGLE LMC-HB-0142,0.1672435196154232,-0.7429180475550081
OGLE LMC-HB-0143,-0.42510258626839076,-0.8054759859440785
OGLE LMC-HB-0144,0.04806928868128314,-0.7821530072157427
OGLE LMC-HB-0145,-0.11821628681161382,-0.8166866882361019
OGLE LMC-HB-0146,0.006727275535719377,-0.6223440925778367
OGLE LMC-HB-0147,-0.14388450310227935,-0.30734537041658555
OGLE LMC-HB-0148,0.29169788319310447,-0.3992317871812596
OGLE LMC-HB-0149,0.3091795155556081,-0.8324698707170851
OGLE LMC-HB-0150,0.2970815775834485,-0.7446651832263521
OGLE LMC-HB-0151,0.0011541226469187907,-0.7826319687689385
OGLE LMC-HB-0152,0.08811189596849457,-0.45416118928969545
OGLE LMC-HB-0153,0.10201846499570777,-0.6909265411807777
OGLE LMC-HB-0154,-1.5462056690110835,-0.008638390366980428
OGLE LMC-HB-0155,1.1036660079872909,1.395213598535517
OGLE LMC-HB-0156,0.3033801048682164,-0.8496513514084275
OGLE LMC-HB-0157,-3.8334369178947516,1.7805593791883456
OGLE LMC-HB-0158,0.021999145646437013,-0.3580577765837556
OGLE LMC-HB-0159,0.14331411241920278,-0.7855926723886213
OGLE LMC-HB-0160,0.3543119384826388,-0.7564179384804686
OGLE LMC-HB-0161,0.16223067181381717,-0.7023001394011786
OGLE LMC-HB-0162,-1.486385607900273,0.14486869382043296
OGLE LMC-HB-0163,-0.10869691848779854,-0.7771428732840261
OGLE LMC-HB-0164,0.7977112040863232,-0.49549745834370046
OGLE LMC-HB-0165,0.1703471824933562,-1.0183721070965288
OGLE LMC-HB-0166,-0.06437820882887697,-0.8213550927971937
OGLE LMC-HB-0167,-1.9906680299220796,0.21910438492358714
OGLE LMC-HB-0168,-0.34192142999841896,-0.40422545338991867
OGLE LMC-HB-0169,-0.004984704555646943,-0.9258617216329383
OGLE LMC-HB-0170,-0.1990261368100463,-0.7209005313137894
OGLE LMC-HB-0171,-0.04391022921548406,-0.9505530743148629
OGLE LMC-HB-0172,-0.3150510829201723,-0.9757108110526156
OGLE LMC-HB-0173,-0.2019619851530391,0.17134585573077693
OGLE LMC-HB-0174,-0.07351269079448446,-0.9355966300742645
OGLE LMC-HB-0175,0.062377045567041815,-0.7999836871575224
OGLE LMC-HB-0176,-1.069028086301393,-0.4438693844572804
OGLE LMC-HB-0177,-0.073331068679105,-0.6729035878976799
OGLE LMC-HB-0178,4.4334000063781795,-0.050680605044816834
OGLE LMC-HB-0179,-0.021704490311144947,-0.8490186093180531
OGLE LMC-HB-0180,-0.1409230953371524,-0.43701882568095524
OGLE LMC-HB-0181,-0.4636909388579599,-0.9564242047653755
OGLE LMC-HB-0182,0.06670619200928989,-0.5658527364834786
OGLE LMC-HB-0183,0.27295790171606865,-0.9821934799734093
OGLE LMC-HB-0184,-0.09759360158496981,-0.7832591761507763
OGLE LMC-HB-0185,0.0830152221276539,4.990092478039715
OGLE LMC-HB-0186,-0.4604339620192804,0.3480565764335147
OGLE LMC-HB-0187,0.11741493946069537,-0.9472895289973605
OGLE LMC-HB-0188,0.10050070600272008,-0.8843743615480932
OGLE LMC-HB-0189,-0.1091611000737406,-0.3316556824337069
OGLE LMC-HB-0190,-0.04061663935357675,-0.6512137969694032
OGLE LMC-HB-0191,-0.1562838584567076,0.12024172954758285
OGLE LMC-HB-0192,0.1727266919993994,-0.8658489882104309
OGLE LMC-HB-0193,-0.26211024867985466,0.4840269834842604
OGLE LMC-HB-0194,1.4361826059270395,-0.6066948435768632
OGLE LMC-HB-0195,-0.631396378192085,-0.6972994528496559
OGLE LMC-HB-0196,-0.11558310791104082,-0.9179220558271428
OGLE LMC-HB-0197,-0.24661715273642199,-0.3866548256844615
OGLE LMC-HB-0198,0.013346792624072151,-0.6758860455362978
OGLE LMC-HB-0199,-0.08070518419590282,-0.9444314826084595
OGLE LMC-HB-0200,0.01195814384293026,-0.8183136819802239
OGLE LMC-HB-0201,0.0501039356760777,-0.9290944910056161
OGLE LMC-HB-0202,0.03646053788933692,-0.8787002147937601
OGLE LMC-HB-0203,0.6585149014478174,-0.8309479584501095
OGLE LMC-HB-0204,0.16122947533287882,-0.4620137720128746
OGLE LMC-HB-0205,-0.9445864425360609,-0.37614034394881307
OGLE LMC-HB-0206,0.1859919232296903,-0.7088092178521588
OGLE LMC-HB-0207,-2.1796151168752074,2.254314487467296
OGLE LMC-HB-0208,-0.07112564746611039,-1.0228514003439084
OGLE LMC-HB-0209,0.24005718357131148,-1.0158449032193437
OGLE LMC-HB-0210,-0.031216826608675086,-0.6879697230826174
OGLE LMC-HB-0211,0.2634196474339295,-0.6670747189440066
OGLE LMC-HB-0212,0.007630940272564656,-0.723286694876057
OGLE LMC-HB-0213,0.1445519159030295,-0.737841930878717
OGLE LMC-HB-0214,-0.35111635190207074,2.1009186004291536
OGLE LMC-HB-0215,0.0346837053267012,-0.9226725364487554
OGLE LMC-HB-0216,-4.142532613109579,1.5922355662712795
OGLE LMC-HB-0217,0.1577411267992888,-0.7873637425757252
OGLE LMC-HB-0218,1.0740535044533506,-0.17343162254360492
OGLE LMC-HB-0219,-0.0506942041363656,-0.9175315103100351
OGLE LMC-HB-0220,-0.246139394102242,-0.8328113030061844
OGLE LMC-HB-0221,0.39100339747857876,-0.8650920342369463
OGLE LMC-HB-0222,0.051003856489874794,-0.6027718525131176
OGLE LMC-HB-0223,-0.03368440518112718,-0.9460353125072833
OGLE LMC-HB-0224,0.1903537510654767,-0.7457813909245814
OGLE LMC-HB-0225,-0.09508734948501292,0.008059139676448696
OGLE LMC-HB-0226,-0.2838715476597981,0.11704440253923107
OGLE LMC-HB-0227,-0.23864658370261596,-0.909635235476794
OGLE LMC-HB-0228,0.16573319697080005,-0.7250653110860455
OGLE LMC-HB-0229,0.014281041475655981,-0.7938325446802993
OGLE LMC-HB-0230,0.7625609273820079,-0.29186682976118833
OGLE LMC-HB-0231,0.1656827445735412,-0.9276571473282669
OGLE LMC-HB-0232,-0.08957488524036085,-0.14829694776293362
OGLE LMC-HB-0233,0.015388586791210222,-0.8978918610365296
OGLE LMC-HB-0234,0.07244308486227787,-0.608027844515181
OGLE LMC-HB-0235,0.05719473171357267,-0.6056995023581185
OGLE LMC-HB-0236,0.09876425684214707,-0.6493706867057298
OGLE LMC-HB-0237,-0.14222056970693983,-0.5407469960422124
OGLE LMC-HB-0238,0.054320896169008294,-0.9320256141585432
OGLE LMC-HB-0239,-0.015759539931072583,-0.8335298414085563
OGLE LMC-HB-0240,-0.13029962341355525,-0.7171243047971261
OGLE LMC-HB-0241,2.5005313732778696,0.36268292378292505
OGLE LMC-HB-0242,0.2996391540115389,-0.43501598500022576
OGLE LMC-HB-0243,0.11949137712426758,-0.919343014558789
OGLE LMC-HB-0244,-0.16536428353942173,0.06789537672027028
OGLE LMC-HB-0245,0.07093622770536998,-0.7928424725243357
OGLE LMC-HB-0246,0.07069799356217858,-0.6144013909990734
OGLE LMC-HB-0247,0.5012656673908628,-0.7450852400135018
OGLE LMC-HB-0248,-0.3846289604801981,-0.14438543410766297
OGLE LMC-HB-0249,-0.002520587981314887,-0.6885276471163361
OGLE LMC-HB-0250,-0.032175433702242746,-0.8824652161253309
OGLE LMC-HB-0251,-0.0697639143449538,-0.568447284802419
OGLE LMC-HB-0252,-0.05198319016498653,-0.9431882889023441
OGLE LMC-HB-0253,0.42171513722732623,-0.7758321452059074
OGLE LMC-HB-0254,-0.217423539330564,0.7680027544807159
OGLE LMC-HB-0255,0.9155225098011661,-0.5186149957368311
OGLE LMC-HB-0256,-0.0983169899679901,-0.9888533324694927
OGLE LMC-HB-0257,0.08031707429585873,-0.8879282260960413
OGLE LMC-HB-0258,-0.28201941537385505,0.060744209582013
OGLE LMC-HB-0259,0.059606993148593496,-1.0399346234231728
OGLE LMC-HB-0260,-0.12839979377591001,-0.21834277994034973
OGLE LMC-HB-0261,-0.04671020183155987,-0.5989385799093494
OGLE LMC-HB-0262,0.015905286145315074,-0.8333742632245226
OGLE LMC-HB-0263,-0.052006186521164476,-0.14989232931884064
OGLE LMC-HB-0264,-0.36195180823028994,-0.3109935801818296
OGLE LMC-HB-0265,-0.3820630976874166,-0.7604552131856291
OGLE LMC-HB-0266,-0.6661350277982409,-0.6186840715472665
OGLE LMC-HB-0267,-0.32281004118212314,-0.5448663980465247
OGLE LMC-HB-0268,0.31687968684691387,-0.7831746538032707
OGLE LMC-HB-0269,0.09970624447737259,-0.09138767752556873
OGLE LMC-HB-0270,0.11729083246238482,-0.8641333854002711
OGLE LMC-HB-0271,0.21270397420804651,-0.8976702206175413
OGLE LMC-HB-0272,0.48185712074861947,-0.8157976510677005
OGLE LMC-HB-0273,0.11799919619637565,-0.8463970414983653
OGLE LMC-HB-0274,0.31283825929256337,-0.9280958123617292
OGLE LMC-HB-0275,0.05606361475631373,-0.3742451650649399
OGLE LMC-HB-0276,0.3858738207551347,-0.7420891487796202
OGLE LMC-HB-0277,-0.2182593578885419,-0.7313932480678198
OGLE LMC-HB-0278,-0.14278047132772623,-0.8161091619612102
OGLE LMC-HB-0279,0.2901256289877497,-0.850646767235915
OGLE LMC-HB-0280,-0.13051724075480664,-0.6059939522429808
OGLE LMC-HB-0281,-2.4291136442252688,0.18428623993943422
OGLE LMC-HB-0282,0.1400959237901203,-0.5355829659690677
OGLE LMC-HB-0283,-0.07882000738431702,-0.7128539979198195
OGLE LMC-HB-0284,0.26336269007647195,-0.10078216808091325
OGLE LMC-HB-0285,0.10370030624281931,-0.870050420445203
OGLE LMC-HB-0286,0.9366081289788185,-1.343566571984095
OGLE LMC-HB-0287,0.10635840158279555,-0.6860163841620909
OGLE LMC-HB-0288,-0.43113844778769767,-0.7120360001598587
OGLE LMC-HB-0289,-2.095979864624531,0.9277467864102781
OGLE LMC-HB-0290,-1.1876046591793457,2.3693737863526465
OGLE LMC-HB-0291,0.04320216626548097,-0.8088613305995099
OGLE LMC-HB-0292,-4.955681311870097,0.3359716280439918
OGLE LMC-HB-0293,-0.013113543900882266,-0.6039395826517524
OGLE LMC-HB-0294,-0.9976542115794889,-0.5344470214527266
OGLE LMC-HB-0295,0.6956892939315719,-0.6843334871499267
OGLE LMC-HB-0296,-0.43314601625033394,-0.03919506466185733
OGLE LMC-HB-0297,0.2802170870472138,-0.4778693069971698
OGLE LMC-HB-0298,0.32644101367726985,-0.23568437814230858
OGLE LMC-HB-0299,-0.4832505239948756,0.9202377093256912
OGLE LMC-HB-0300,-0.9814642151994483,-0.31742685500792855
OGLE LMC-HB-0301,0.027800390950089515,0.0021547683408652723
OGLE LMC-HB-0302,0.2398998466445325,-0.7896197066867481
OGLE LMC-HB-0303,-0.26517934103529045,1.0771512429393695
OGLE LMC-HB-0304,-0.11878795112477808,-0.8530994068566675
OGLE LMC-HB-0305,0.030349600331702663,-0.5175100725242439
OGLE LMC-HB-0306,-0.13379673414864357,-0.8400296777049607
OGLE LMC-HB-0307,0.023538232015596162,-0.9178092203860496
OGLE LMC-HB-0308,0.16017851969090086,-0.5016276408271387
OGLE LMC-HB-0309,-0.19634803234518355,-0.4942321567473363
OGLE LMC-HB-0310,-1.8347278023916738,3.009277747339335
OGLE LMC-HB-0311,0.09898931850674436,-0.6854979439132097
OGLE LMC-HB-0312,0.017218674247773534,0.01061011013413239
OGLE LMC-HB-0313,-0.004689494973136274,-0.6943856987385787
OGLE LMC-HB-0314,-1.4512882671746443,2.2290374896797425
OGLE LMC-HB-0315,-0.07733728485553033,-0.43012234282291006
OGLE LMC-HB-0316,-0.24900526852693408,1.0999849912278934
OGLE LMC-HB-0317,-0.7119459026408946,0.024617490034332647
OGLE LMC-HB-0318,-0.8822307054273537,-0.34224556369312
OGLE LMC-HB-0319,0.8838288475083264,-0.8630864660521388
OGLE LMC-HB-0320,-0.12332787801069342,-0.971397118860445
OGLE LMC-HB-0321,-0.5556970502932005,3.8595950098626015
OGLE LMC-HB-0322,-0.09966235097472538,-0.8395212032023658
OGLE LMC-HB-0323,0.18422228871497087,0.12145703469724221
OGLE LMC-HB-0324,-0.2813910161045913,-0.6603317577470056
OGLE LMC-HB-0325,-4.3141511900374825,-0.3841545281353902
OGLE LMC-HB-0326,0.11997820466539062,-0.5192198394487166
OGLE LMC-HB-0327,-0.20918611808120316,-0.7460738179134236
OGLE LMC-HB-0328,0.003314433676853589,-0.3622109379068686
OGLE LMC-HB-0329,0.4920793142334461,-0.7937385522270411
OGLE LMC-HB-0330,0.5865751109600497,-0.3052306896923887
OGLE LMC-HB-0331,0.6067072551832128,-0.6184106019127189
OGLE LMC-HB-0332,-3.8019824856563624,1.930260617554696
OGLE LMC-HB-0333,-1.5942715125203248,0.30763787334104864
OGLE LMC-HB-0334,-0.01397546686567009,-0.6909547682471363
OGLE LMC-HB-0335,0.40311046039603116,-0.945371936107632
OGLE LMC-HB-0336,-0.0648286887929335,-1.0026510402516735
OGLE LMC-HB-0337,-1.6547087194937429,1.0831345650772346
OGLE LMC-HB-0338,-0.030350798277579406,-0.7746063882729357
OGLE LMC-HB-0339,-0.4243793179635159,-0.7935195067106261
OGLE LMC-HB-0340,0.9691774304790558,0.3968517441061464
OGLE LMC-HB-0341,0.251533148378204,-0.4170891912409288
OGLE LMC-HB-0342,0.5201836545546917,-0.49821882741045886
OGLE LMC-HB-0343,0.3659747178914295,-0.5455536363775739
OGLE LMC-HB-0344,0.2534891063095684,-0.9582563960650828
OGLE LMC-HB-0345,-0.48160956750888945,-0.4645643576955769
OGLE LMC-HB-0346,-0.18669495537605385,0.42172706172513036
OGLE LMC-HB-0347,-2.155774609321816,0.9618518287885615
OGLE LMC-HB-0348,-0.5674636944339267,1.242765200597431
OGLE LMC-HB-0349,0.13615804557657718,-0.7535610356715816
OGLE LMC-HB-0350,-2.1929714021210227,1.3607855588214086
OGLE LMC-HB-0351,-0.10623626965850594,-0.8786648254528894
OGLE LMC-HB-0352,-0.015427330777241476,-0.3311034747984759
OGLE LMC-HB-0353,-0.20762312605409053,-0.6918383775987331
OGLE LMC-HB-0354,-0.07288382712122236,-0.7993682750816079
OGLE LMC-HB-0355,0.06431440992513357,-0.7635110482671947
OGLE LMC-HB-0356,0.3534968359674448,-0.9336121965262025
OGLE LMC-HB-0357,0.06305120042937061,-0.8537588802239949
OGLE LMC-HB-0358,0.11730562300136363,-0.9316984258189924
OGLE LMC-HB-0359,-0.11801557419794968,-0.7398123157590103
OGLE LMC-HB-0360,-0.04601156103517153,-0.5303799417728834
OGLE LMC-HB-0361,-0.7005457868689652,1.242001484234177
OGLE LMC-HB-0362,0.111340677321354,-0.6116200370421377
OGLE LMC-HB-0363,-0.20264895312780826,-0.885285055658497
OGLE LMC-HB-0364,-0.14009754969898489,-0.6078620887078573
OGLE LMC-HB-0365,1.238060277759571,-0.8874550612968372
OGLE LMC-HB-0366,-0.2614567174963527,0.01004412939382988
OGLE LMC-HB-0367,-0.7549846045192085,-0.1387346274323714
OGLE LMC-HB-0368,-0.11009593545862312,-0.4592845013913676
OGLE LMC-HB-0369,-0.4183235736919315,1.2947995224804396
OGLE LMC-HB-0370,1.1430531335260854,-0.35092078414900774
OGLE LMC-HB-0371,-0.1442993300555942,-0.26748710815416793
OGLE LMC-HB-0372,-0.10172076922145024,-0.5571855143358969
OGLE LMC-HB-0373,0.03933207783153467,-0.7266551155235202
OGLE LMC-HB-0374,-0.11712044181438,-0.9134231738808521
OGLE LMC-HB-0375,-0.16238962317185313,-0.7888934755319507
OGLE LMC-HB-0376,0.011345817510351339,-0.8429995454001382
OGLE LMC-HB-0377,-0.03435021313396196,-0.8096858830001427
OGLE LMC-HB-0378,-0.2913536863432971,-0.20177675984258903
OGLE LMC-HB-0379,0.06324632783884114,-0.7957041024049188
OGLE LMC-HB-0380,-0.09913899141395674,-0.631121948601365
OGLE LMC-HB-0381,0.11897230752098371,-0.7271880932252608
OGLE LMC-HB-0382,0.16982371654926967,-0.8148503342862725
OGLE LMC-HB-0383,-0.6509709871635597,0.565004704862987
OGLE LMC-HB-0384,0.0491572996649156,-0.8735613337887247
OGLE LMC-HB-0385,0.05692129776275057,-0.3708471470413004
OGLE LMC-HB-0386,-3.1125105374942863,1.1040038181507494
OGLE LMC-HB-0387,-0.3691251271616351,-0.12299185828092893
OGLE LMC-HB-0388,0.12209686189605992,-0.45791582220231936
OGLE LMC-HB-0389,-0.3981077728629847,0.6155864289862722
OGLE LMC-HB-0390,-0.1054608236382679,-0.49358774174844045
OGLE LMC-HB-0391,-0.050082789435158426,-0.6462872802831484
OGLE LMC-HB-0392,0.4094363495130446,0.8370344422369755
OGLE LMC-HB-0393,0.08752834615726626,-0.7328849828301959
OGLE LMC-HB-0394,-0.5676738777272848,-0.334463385423904
OGLE LMC-HB-0395,-0.13004978634926645,-0.9267959369938849
OGLE LMC-HB-0396,0.10788729330278184,-0.7661138572795599
OGLE LMC-HB-0397,0.30833098916372853,-0.811490145070352
OGLE LMC-HB-0398,0.1064005174693307,-0.7191563422053417
OGLE LMC-HB-0399,-0.06986912024509173,-0.9975719829603694
OGLE LMC-HB-0400,-0.22662191378600358,-0.7139540257695006
OGLE LMC-HB-0401,-0.4303831866779884,-0.2931839115594794
OGLE LMC-HB-0402,0.02892681920745644,-0.7699894277991528
OGLE LMC-HB-0403,0.03696467080131525,-0.8597927190648433
OGLE LMC-HB-0404,-1.5816629931408193,0.3174391844378806
OGLE LMC-HB-0405,0.13093741225507813,-0.9109145091607875
OGLE LMC-HB-0406,0.0016595448056624105,-0.6002923355684162
OGLE LMC-HB-0407,-0.1687794325063737,-0.7679455680144626
OGLE LMC-HB-0408,-0.16561023122294247,0.6181034160976511
OGLE LMC-HB-0409,0.0935595179009666,-0.10479244963064584
OGLE LMC-HB-0410,0.6646964319385688,-0.3955152095763705
OGLE LMC-HB-0411,0.17923132713631768,-0.8214230570440085
OGLE LMC-HB-0412,-0.03547453444215589,-0.2177818787237037
OGLE LMC-HB-0413,-0.0958721236433165,0.5987031421553727
OGLE LMC-HB-0414,-0.06631801199349908,-0.8784598756069324
OGLE LMC-HB-0415,0.06970562004829903,-0.7349275495787514
OGLE LMC-HB-0416,0.02586271935121421,-0.8876863041184856
OGLE LMC-HB-0417,0.08718424964280724,-0.7770738521757338
OGLE LMC-HB-0418,1.7619857253978137,3.5915038554586443
OGLE LMC-HB-0419,0.013174259451237057,-0.7502757049099387
OGLE LMC-HB-0420,0.004945655803703877,-0.8423609416875574
OGLE LMC-HB-0421,-0.1088608798826061,-0.5331402002265138
OGLE LMC-HB-0422,0.03498166437212377,-0.6886084731839437
OGLE LMC-HB-0423,-0.18419324082759472,-0.5851069583019949
OGLE LMC-HB-0424,0.11030695410484702,-0.6393755167061154
OGLE LMC-HB-0425,-0.08864590071273169,-0.38092025494044895
OGLE LMC-HB-0426,0.08586409041354749,-0.4726366963987691
OGLE LMC-HB-0427,-0.06786159304035957,-0.15755546496883033
OGLE LMC-HB-0428,-0.06059948734428327,-0.2786500126588307
OGLE LMC-HB-0429,0.055798873104365466,-0.4991948484603233
OGLE LMC-HB-0430,0.04308111634795297,-0.4681819074503122
OGLE LMC-HB-0431,-0.08030615886871076,-0.5049746394662699
OGLE LMC-HB-0432,-0.08546928481500443,-0.6299909359780611
OGLE LMC-HB-0433,-0.18887515335372188,-0.26570265754345573
OGLE LMC-HB-0434,0.023129421982867434,-0.8989743993578848
OGLE LMC-HB-0435,-0.06854635663301199,-0.6584509754778881
OGLE LMC-HB-0436,0.01176978012291358,-0.8116886673512359
OGLE LMC-HB-0437,0.08730289981137586,-0.6608847300562515
OGLE LMC-HB-0438,-0.2838554358946674,-0.521172009299822
OGLE LMC-HB-0439,-0.010961024936356336,-0.6771767932365591
OGLE SMC-HB-0001,0.6333517176169552,-0.4732333337378947
OGLE SMC-HB-0002,-0.009486925089833745,-0.8882586235162832
OGLE SMC-HB-0003,-0.12694711160537073,-0.11537304690088165
OGLE SMC-HB-0004,-1.230416307712849,0.2210780076794042
OGLE SMC-HB-0005,-1.8699549353409606,0.6367986355601643
OGLE SMC-HB-0006,-1.0143900624924453,-0.15885904525943984
OGLE SMC-HB-0007,-1.1069434563288039,3.1782468725416337
OGLE SMC-HB-0008,0.07067940986018025,-0.8704713937541071
OGLE SMC-HB-0009,-0.20326033608309957,0.1094888303270312
OGLE SMC-HB-0010,-0.22671592914704009,0.5016059255301317
OGLE SMC-HB-0011,-0.4049971155388119,0.2155722531812793
OGLE SMC-HB-0012,-0.5599236419128347,6.871978956178916
OGLE SMC-HB-0013,-2.740175157459249,1.4449751583031962
OGLE SMC-HB-0014,-1.1172279401102883,0.16639224867124525
OGLE SMC-HB-0015,-0.04163534559197024,0.04196183103690687
OGLE SMC-HB-0016,0.7700709558440568,-0.6518669526813423
OGLE SMC-HB-0017,-1.9387851911938179,1.078619612654869
OGLE SMC-HB-0018,0.27417288794393563,-0.7766591601662045
OGLE SMC-HB-0019,-0.31478563827268946,-0.10423935438481383
OGLE SMC-HB-0020,2.151194222987121,-0.8869923692661965
OGLE SMC-HB-0021,-0.21954478904322683,0.6959004970875695
OGLE SMC-HB-0022,-0.3170426230374147,0.3040109688795461
OGLE SMC-HB-0023,-0.01723201980113186,-0.6987540902685446
OGLE SMC-HB-0024,-0.5345658233930248,-0.6374254583008498
OGLE SMC-HB-0025,-1.720118390489359,0.7841501523566836
OGLE SMC-HB-0026,-0.012622813441812741,-0.7103224580739885
OGLE SMC-HB-0027,-0.16045950666889824,-0.14653497152238476
OGLE SMC-HB-0028,-1.8363232780530583,1.0562064396020259
OGLE SMC-HB-0029,-1.3691410433469773,0.9427547613638195
OGLE SMC-HB-0030,-0.14331392798115397,0.1257873489939017
OGLE SMC-HB-0031,-1.3019941570207973,0.96183199793192
OGLE SMC-HB-0032,-0.4250012880264701,-0.11940269763240685
OGLE SMC-HB-0033,-1.583851933649764,0.7924611475454282
OGLE SMC-HB-0034,-0.08265660664281514,-0.8644753718756241
OGLE SMC-HB-0035,0.16516316198123168,1.3247374705228643
OGLE SMC-HB-0036,-0.30023017308652633,0.3888627020821597
OGLE SMC-HB-0037,0.7012721482899598,1.2046674468754488
OGLE SMC-HB-0038,-0.25299016008588426,-0.5356454450651567
OGLE SMC-HB-0039,-0.01749593616366327,-0.6779902863820451
OGLE SMC-HB-0040,-0.47745118107816437,-0.045294219261934915
