ID,slope
OGLE LMC-HB-0001,0.0703506856360274
OGLE LMC-HB-0002,0.18572045182066424
OGLE LMC-HB-0003,-0.3209076463941576
OGLE LMC-HB-0004,-0.1311608520835297
OGLE LMC-HB-0005,0.05553492981800645
OGLE LMC-HB-0006,0.0769815885894359
OGLE LMC-HB-0007,-0.04484216803878747
OGLE LMC-HB-0008,-0.2991158978099583
OGLE LMC-HB-0009,-0.02574623714310307
OGLE LMC-HB-0010,0.6004853800965834
OGLE LMC-HB-0011,0.016409224967382986
OGLE LMC-HB-0012,-0.0961711288935862
OGLE LMC-HB-0013,0.02017557885168669
OGLE LMC-HB-0014,-0.4714326309613334
OGLE LMC-HB-0015,-0.08139403177451876
OGLE LMC-HB-0016,-0.11344349532022714
OGLE LMC-HB-0017,-0.9783273120594418
OGLE LMC-HB-0018,0.03202183624572402
OGLE LMC-HB-0019,-0.31981754995351613
OGLE LMC-HB-0020,-0.6841935136308661
OGLE LMC-HB-0021,0.09719514505706561
OGLE LMC-HB-0022,0.04744854678192551
OGLE LMC-HB-0023,0.18919854111541387
OGLE LMC-HB-0024,-0.16815660970055468
OGLE LMC-HB-0025,-0.0904801194504979
OGLE LMC-HB-0026,0.026284902703648305
OGLE LMC-HB-0027,0.3822824246719678
OGLE LMC-HB-0028,-0.12883607566766855
OGLE LMC-HB-0029,0.010275230874507223
OGLE LMC-HB-0030,-1.8508894308458095
OGLE LMC-HB-0031,0.1078892255496152
OGLE LMC-HB-0032,-0.04809134706524618
OGLE LMC-HB-0033,-0.06108672101590779
OGLE LMC-HB-0034,0.08516840936859486
OGLE LMC-HB-0035,-0.0668023966789356
OGLE LMC-HB-0036,0.14175536505667846
OGLE LMC-HB-0037,-0.07652278090258142
OGLE LMC-HB-0038,0.14519378732537963
OGLE LMC-HB-0039,0.09065938917332589
OGLE LMC-HB-0040,0.1523049322615277
OGLE LMC-HB-0041,-0.05179914573239499
OGLE LMC-HB-0042,0.2524745676345612
OGLE LMC-HB-0043,-0.57617983410652
OGLE LMC-HB-0044,-0.01936187514934782
OGLE LMC-HB-0045,-2.3816439047517592
OGLE LMC-HB-0046,-0.9560691253599669
OGLE LMC-HB-0047,0.1558432790397046
OGLE LMC-HB-0048,-0.10218500064829689
OGLE LMC-HB-0049,-0.27801008843386993
OGLE LMC-HB-0050,0.31911791124468347
OGLE LMC-HB-0051,-0.7137123350214277
OGLE LMC-HB-0052,0.06029816807023183
OGLE LMC-HB-0053,-0.16556453403521348
OGLE LMC-HB-0054,0.031435941303983986
OGLE LMC-HB-0055,0.09599690235323637
OGLE LMC-HB-0056,-0.7414094782516848
OGLE LMC-HB-0057,-0.16570041899147606
OGLE LMC-HB-0058,0.012048068471566593
OGLE LMC-HB-0059,-0.047653293925341775
OGLE LMC-HB-0060,0.023906660776889337
OGLE LMC-HB-0061,-0.06957860317820873
OGLE LMC-HB-0062,0.22261272948379762
OGLE LMC-HB-0063,0.05156885456571976
OGLE LMC-HB-0064,0.16586504716727288
OGLE LMC-HB-0065,0.06395032572264477
OGLE LMC-HB-0066,0.13664186287287228
OGLE LMC-HB-0067,-0.1057517255078346
OGLE LMC-HB-0068,0.001391696935837712
OGLE LMC-HB-0069,-0.61146034109741
OGLE LMC-HB-0070,-0.6139402710030742
OGLE LMC-HB-0071,-0.7603575823513242
OGLE LMC-HB-0072,0.04227780302666639
OGLE LMC-HB-0073,-0.08818539662753165
OGLE LMC-HB-0074,-0.12860550663648232
OGLE LMC-HB-0075,0.010923662564810243
OGLE LMC-HB-0076,-0.023523997003948284
OGLE LMC-HB-0077,-0.246172856313459
OGLE LMC-HB-0078,-0.019281819513959325
OGLE LMC-HB-0079,0.15497637511197893
OGLE LMC-HB-0080,-0.15090802755638155
OGLE LMC-HB-0081,0.053157865924821426
OGLE LMC-HB-0082,-0.059241599164585254
OGLE LMC-HB-0083,-0.6407409891400448
OGLE LMC-HB-0084,-1.1855027865480312
OGLE LMC-HB-0085,0.13794272085646508
OGLE LMC-HB-0086,0.22895422698893964
OGLE LMC-HB-0087,-0.15726396261111714
OGLE LMC-HB-0088,-0.015099031877793895
OGLE LMC-HB-0089,-0.06012708551762568
OGLE LMC-HB-0090,0.08659788799091513
OGLE LMC-HB-0091,-0.06069042203920152
OGLE LMC-HB-0092,-0.15596121452817863
OGLE LMC-HB-0093,-1.19203159540014
OGLE LMC-HB-0094,-0.04174957696414013
OGLE LMC-HB-0095,0.0648705778314123
OGLE LMC-HB-0096,0.016819629823198148
OGLE LMC-HB-0097,0.025134581954295125
OGLE LMC-HB-0098,-0.007653029596528578
OGLE LMC-HB-0099,-0.049192023392233865
OGLE LMC-HB-0100,-0.09136438852322
OGLE LMC-HB-0101,-0.09787396372487422
OGLE LMC-HB-0102,-0.35510700581283444
OGLE LMC-HB-0103,-0.05808261955122526
OGLE LMC-HB-0104,0.47383275136032404
OGLE LMC-HB-0105,-0.08873965789269907
OGLE LMC-HB-0106,-0.041751600856316774
OGLE LMC-HB-0107,-0.08304044627424192
OGLE LMC-HB-0108,0.5619670691243431
OGLE LMC-HB-0109,0.07184021536313513
OGLE LMC-HB-0110,-0.6431579213697112
OGLE LMC-HB-0111,-0.006682070949005604
OGLE LMC-HB-0112,-0.6494093935407971
OGLE LMC-HB-0113,-0.3602339046365916
OGLE LMC-HB-0114,-6.5623920269727005
OGLE LMC-HB-0115,-0.22431391897835928
OGLE LMC-HB-0116,0.022518389137122008
OGLE LMC-HB-0117,0.108681282543355
OGLE LMC-HB-0118,-1.6134780689238886
OGLE LMC-HB-0119,-0.11972040888202741
OGLE LMC-HB-0120,-0.16450586970819875
OGLE LMC-HB-0121,-0.18289793428794057
OGLE LMC-HB-0122,-1.6218253315136846
OGLE LMC-HB-0123,-0.6521145557912114
OGLE LMC-HB-0124,0.6064128232775143
OGLE LMC-HB-0125,0.018494036409252613
OGLE LMC-HB-0126,0.07416417040708505
OGLE LMC-HB-0127,-0.011431567874746041
OGLE LMC-HB-0128,0.05927730490025573
OGLE LMC-HB-0129,-0.16887931888988358
OGLE LMC-HB-0130,-0.02934209125832822
OGLE LMC-HB-0131,0.07900366676470995
OGLE LMC-HB-0132,0.23639119211486206
OGLE LMC-HB-0133,0.21130354482186967
OGLE LMC-HB-0134,0.32583356386778456
OGLE LMC-HB-0135,0.23926190564452635
OGLE LMC-HB-0136,-1.0089475522324791
OGLE LMC-HB-0137,-0.4228522156998085
OGLE LMC-HB-0138,-0.03061688781223862
OGLE LMC-HB-0139,-0.08092857682135711
OGLE LMC-HB-0140,0.9334479475046745
OGLE LMC-HB-0141,-0.44806394422442947
OGLE LMC-HB-0142,0.17029425843224638
OGLE LMC-HB-0143,-0.42693156501814894
OGLE LMC-HB-0144,0.04268398610738863
OGLE LMC-HB-0145,-0.11743646615282621
OGLE LMC-HB-0146,0.005361245071645962
OGLE LMC-HB-0147,-0.15007021835411571
OGLE LMC-HB-0148,0.2879812611396871
OGLE LMC-HB-0149,0.3114735116315361
OGLE LMC-HB-0150,0.2980207847443407
OGLE LMC-HB-0151,0.0023747881012205277
OGLE LMC-HB-0152,0.08747260771789978
OGLE LMC-HB-0153,0.09409983287658953
OGLE LMC-HB-0154,-1.5610876655094077
OGLE LMC-HB-0155,1.1150357301095128
OGLE LMC-HB-0156,0.3090604549182187
OGLE LMC-HB-0157,-3.8444131467705986
OGLE LMC-HB-0158,0.01913542412951292
OGLE LMC-HB-0159,0.1450327954205316
OGLE LMC-HB-0160,0.3545280587335546
OGLE LMC-HB-0161,0.17056351738842732
OGLE LMC-HB-0162,-1.4878706924428537
OGLE LMC-HB-0163,-0.10696875695453009
OGLE LMC-HB-0164,0.8081104167525587
OGLE LMC-HB-0165,0.17173773451157134
OGLE LMC-HB-0166,-0.06284832660462049
OGLE LMC-HB-0167,-1.9710789983614827
OGLE LMC-HB-0168,-0.3375596266439742
OGLE LMC-HB-0169,0.002065090605946977
OGLE LMC-HB-0170,-0.19466084806535483
OGLE LMC-HB-0171,-0.05109491932046926
OGLE LMC-HB-0172,-0.3628094261413463
OGLE LMC-HB-0173,-0.19443370006798993
OGLE LMC-HB-0174,-0.07287429297036947
OGLE LMC-HB-0175,0.06162763160119601
OGLE LMC-HB-0176,-1.072214799246876
OGLE LMC-HB-0177,-0.07798156439276728
OGLE LMC-HB-0178,0.6617527680261838
OGLE LMC-HB-0179,-0.02049140294454775
OGLE LMC-HB-0180,-0.1363867210182677
OGLE LMC-HB-0181,-0.46966718112039535
OGLE LMC-HB-0182,0.06656629706377497
OGLE LMC-HB-0183,0.2716108057080693
OGLE LMC-HB-0184,-0.09704447193243759
OGLE LMC-HB-0185,0.898424550596009
OGLE LMC-HB-0186,-0.46391015762911025
OGLE LMC-HB-0187,0.11337675749145909
OGLE LMC-HB-0188,0.09880290314180991
OGLE LMC-HB-0189,-0.10920235780613
OGLE LMC-HB-0190,-0.04266640671305415
OGLE LMC-HB-0191,-0.16691576511244036
OGLE LMC-HB-0192,0.17312271413998706
OGLE LMC-HB-0193,-0.25957091845552505
OGLE LMC-HB-0194,1.4491494551694035
OGLE LMC-HB-0195,-0.6348108509339359
OGLE LMC-HB-0196,-0.11932809615442182
OGLE LMC-HB-0197,-0.24776640117420687
OGLE LMC-HB-0198,0.010841828306361195
OGLE LMC-HB-0199,-0.08208183051847324
OGLE LMC-HB-0200,0.011365832038800974
OGLE LMC-HB-0201,0.060510035292005715
OGLE LMC-HB-0202,0.04317727245650817
OGLE LMC-HB-0203,0.6754458582373516
OGLE LMC-HB-0204,0.15799325059828878
OGLE LMC-HB-0205,-0.9419701316311728
OGLE LMC-HB-0206,0.19189543598287623
OGLE LMC-HB-0207,-2.2076677114537064
OGLE LMC-HB-0208,-0.0698659525485753
OGLE LMC-HB-0209,0.23905523097353193
OGLE LMC-HB-0210,-0.03204403033125259
OGLE LMC-HB-0211,0.2621184380005146
OGLE LMC-HB-0212,0.005006903910921859
OGLE LMC-HB-0213,0.1444832141464141
OGLE LMC-HB-0214,-0.34854501706673874
OGLE LMC-HB-0215,0.038717458867688334
OGLE LMC-HB-0216,-4.157937236986598
OGLE LMC-HB-0217,0.15784316033057033
OGLE LMC-HB-0218,1.0695991350537901
OGLE LMC-HB-0219,-0.0508144967183898
OGLE LMC-HB-0220,-0.25046628584265024
OGLE LMC-HB-0221,0.38654178314864773
OGLE LMC-HB-0222,0.054621181406237486
OGLE LMC-HB-0223,-0.029473208819489023
OGLE LMC-HB-0224,0.19020382382015202
OGLE LMC-HB-0225,0.4012878383083678
OGLE LMC-HB-0226,-0.2766045021194571
OGLE LMC-HB-0227,-0.23861891942436023
OGLE LMC-HB-0228,0.16396793176331362
OGLE LMC-HB-0229,0.01583671112036667
OGLE LMC-HB-0230,0.7768787779917827
OGLE LMC-HB-0231,0.1686494517430799
OGLE LMC-HB-0232,-0.09730317250833918
OGLE LMC-HB-0233,0.007405795064334663
OGLE LMC-HB-0234,0.07113646850806528
OGLE LMC-HB-0235,0.059073298683401596
OGLE LMC-HB-0236,0.09870343395224425
OGLE LMC-HB-0237,-0.1384758396454976
OGLE LMC-HB-0238,0.054471433612991706
OGLE LMC-HB-0239,-0.024386234622653293
OGLE LMC-HB-0240,-0.1346416111332539
OGLE LMC-HB-0241,2.49736244564494
OGLE LMC-HB-0242,0.28871779253280344
OGLE LMC-HB-0243,0.12107579683649078
OGLE LMC-HB-0244,-0.1761027216386084
OGLE LMC-HB-0245,0.07367945983595389
OGLE LMC-HB-0246,0.0728626841792939
OGLE LMC-HB-0247,0.49585541429269653
OGLE LMC-HB-0248,-0.3886866090218273
OGLE LMC-HB-0249,0.007362886958292507
OGLE LMC-HB-0250,-0.029930597852744666
OGLE LMC-HB-0251,-0.0648920426370587
OGLE LMC-HB-0252,-0.052980983350885455
OGLE LMC-HB-0253,0.42597674049849477
OGLE LMC-HB-0254,-0.8320264695376973
OGLE LMC-HB-0255,0.9165751684704281
OGLE LMC-HB-0256,-0.09880283882500765
OGLE LMC-HB-0257,0.07795914785400443
OGLE LMC-HB-0258,-0.2757965590044484
OGLE LMC-HB-0259,0.0530943403882734
OGLE LMC-HB-0260,-0.13010640713795
OGLE LMC-HB-0261,-0.04511551056669815
OGLE LMC-HB-0262,0.020860110819265608
OGLE LMC-HB-0263,-0.053953363517449754
OGLE LMC-HB-0264,-0.3560628134379737
OGLE LMC-HB-0265,-0.36668701956197036
OGLE LMC-HB-0266,-0.6858521915141728
OGLE LMC-HB-0267,-0.3186768416641844
OGLE LMC-HB-0268,0.3146641116988444
OGLE LMC-HB-0269,0.09659165950115954
OGLE LMC-HB-0270,0.11730721438661394
OGLE LMC-HB-0271,0.21182492943744236
OGLE LMC-HB-0272,0.4783990018626241
OGLE LMC-HB-0273,0.11724886964949761
OGLE LMC-HB-0274,0.31786335620184036
OGLE LMC-HB-0275,0.05500853707946724
OGLE LMC-HB-0276,0.38493482781692845
OGLE LMC-HB-0277,-0.2205265128268701
OGLE LMC-HB-0278,-0.1410951730741363
OGLE LMC-HB-0279,0.29250941955852927
OGLE LMC-HB-0280,-0.1346540907046368
OGLE LMC-HB-0281,-2.4348639618432193
OGLE LMC-HB-0282,0.14422022008572652
OGLE LMC-HB-0283,-0.08020638575706716
OGLE LMC-HB-0284,0.2626313574198203
OGLE LMC-HB-0285,0.09533330466477266
OGLE LMC-HB-0286,0.9184639204636946
OGLE LMC-HB-0287,0.10494640145444602
OGLE LMC-HB-0288,-0.4287771820373847
OGLE LMC-HB-0289,-2.063100601110846
OGLE LMC-HB-0290,-1.1592254942261444
OGLE LMC-HB-0291,0.04147386197471728
OGLE LMC-HB-0292,-4.967349660800102
OGLE LMC-HB-0293,-0.013290514760560325
OGLE LMC-HB-0294,-1.0233267163243627
OGLE LMC-HB-0295,0.6997477898040797
OGLE LMC-HB-0296,-0.4354581046745388
OGLE LMC-HB-0297,0.2787239595268239
OGLE LMC-HB-0298,0.32689535319883706
OGLE LMC-HB-0299,-0.4811973808159883
OGLE LMC-HB-0300,-0.9870229377132723
OGLE LMC-HB-0301,0.026663123094607104
OGLE LMC-HB-0302,0.24606254017816404
OGLE LMC-HB-0303,-0.2678711038085692
OGLE LMC-HB-0304,-0.11928391879128313
OGLE LMC-HB-0305,0.027261393423262455
OGLE LMC-HB-0306,-0.13470532878908165
OGLE LMC-HB-0307,0.02850900680419685
OGLE LMC-HB-0308,0.1527463268372994
OGLE LMC-HB-0309,-0.18830044751540126
OGLE LMC-HB-0310,-1.8426303132730308
OGLE LMC-HB-0311,0.09929948852817276
OGLE LMC-HB-0312,0.02349786612367338
OGLE LMC-HB-0313,-0.005555512879880858
OGLE LMC-HB-0314,-1.4640472758317022
OGLE LMC-HB-0315,-0.07696124340610645
OGLE LMC-HB-0316,-0.24980640647087876
OGLE LMC-HB-0317,-0.7048944282797043
OGLE LMC-HB-0318,-0.8875174538201448
OGLE LMC-HB-0319,0.8896975878266458
OGLE LMC-HB-0320,-0.1247632411575856
OGLE LMC-HB-0321,-0.5477878417865041
OGLE LMC-HB-0322,-0.10095630423260707
OGLE LMC-HB-0323,0.1739931660925255
OGLE LMC-HB-0324,-0.2843858291440464
OGLE LMC-HB-0325,-4.307830235542232
OGLE LMC-HB-0326,0.12047906876690542
OGLE LMC-HB-0327,-0.2070328202108989
OGLE LMC-HB-0328,0.008436308773289582
OGLE LMC-HB-0329,0.4849757438382214
OGLE LMC-HB-0330,0.6203829030519943
OGLE LMC-HB-0331,0.608077347489329
OGLE LMC-HB-0332,-3.8249443004469508
OGLE LMC-HB-0333,-1.6099772420259981
OGLE LMC-HB-0334,-0.015054492285368771
OGLE LMC-HB-0335,0.40891073140258244
OGLE LMC-HB-0336,-0.06529606312159181
OGLE LMC-HB-0337,-1.6505523513538403
OGLE LMC-HB-0338,-0.029965777697398308
OGLE LMC-HB-0339,-0.43015871723088683
OGLE LMC-HB-0340,0.9644923830408472
OGLE LMC-HB-0341,0.25762336875802005
OGLE LMC-HB-0342,0.522661223857178
OGLE LMC-HB-0343,0.36828776509287736
OGLE LMC-HB-0344,0.24422241650079732
OGLE LMC-HB-0345,-0.4876190912205115
OGLE LMC-HB-0346,-0.18948643366435663
OGLE LMC-HB-0347,-2.1596178013972844
OGLE LMC-HB-0348,-0.5647255601782594
OGLE LMC-HB-0349,0.13473292103747248
OGLE LMC-HB-0350,-2.2054495111941788
OGLE LMC-HB-0351,-0.10580307193227792
OGLE LMC-HB-0352,-0.014264831403467005
OGLE LMC-HB-0353,-0.20453111847975422
OGLE LMC-HB-0354,-0.07082985593620018
OGLE LMC-HB-0355,0.06507878691314826
OGLE LMC-HB-0356,0.35624746426821025
OGLE LMC-HB-0357,0.06354922314012507
OGLE LMC-HB-0358,0.11764196606221826
OGLE LMC-HB-0359,-0.1209326555108062
OGLE LMC-HB-0360,-0.04843500736325622
OGLE LMC-HB-0361,-0.7020960461344066
OGLE LMC-HB-0362,0.11189239011744076
OGLE LMC-HB-0363,-0.20147764819522251
OGLE LMC-HB-0364,-0.13940121250562507
OGLE LMC-HB-0365,1.2463249098726006
OGLE LMC-HB-0366,-0.2597529405037067
OGLE LMC-HB-0367,-0.7398262857903287
OGLE LMC-HB-0368,-0.11077684351802367
OGLE LMC-HB-0369,-0.40727441513835155
OGLE LMC-HB-0370,1.136099150259654
OGLE LMC-HB-0371,-0.14355669719389885
OGLE LMC-HB-0372,-0.09073446220214988
OGLE LMC-HB-0373,0.040870971416571915
OGLE LMC-HB-0374,0.21362629149276044
OGLE LMC-HB-0375,-0.16315505451102683
OGLE LMC-HB-0376,0.01647083448670368
OGLE LMC-HB-0377,-0.030369184961170775
OGLE LMC-HB-0378,-0.2908124126428408
OGLE LMC-HB-0379,0.06764295063189546
OGLE LMC-HB-0380,-0.09706186846873034
OGLE LMC-HB-0381,0.11617983654603874
OGLE LMC-HB-0382,0.17502466161797045
OGLE LMC-HB-0383,-0.6513459211145548
OGLE LMC-HB-0384,0.038320732326242654
OGLE LMC-HB-0385,0.05680383710121582
OGLE LMC-HB-0386,-3.126226917396939
OGLE LMC-HB-0387,-0.36855394551373816
OGLE LMC-HB-0388,0.12122084571557469
OGLE LMC-HB-0389,-0.39732798722729995
OGLE LMC-HB-0390,-0.10943154028458014
OGLE LMC-HB-0391,-0.04781967244122308
OGLE LMC-HB-0392,-0.5435579928256685
OGLE LMC-HB-0393,0.08432252923699059
OGLE LMC-HB-0394,-0.5637759981006799
OGLE LMC-HB-0395,-0.12769761290578288
OGLE LMC-HB-0396,0.10609497679423231
OGLE LMC-HB-0397,0.30662888249582887
OGLE LMC-HB-0398,0.10809973390676118
OGLE LMC-HB-0399,-0.06745672120628611
OGLE LMC-HB-0400,-0.22215182335140082
OGLE LMC-HB-0401,-0.4309714552580727
OGLE LMC-HB-0402,0.027259691239421107
OGLE LMC-HB-0403,0.04249745586703682
OGLE LMC-HB-0404,-1.5834039674388591
OGLE LMC-HB-0405,0.1348837820075433
OGLE LMC-HB-0406,0.0007902834783766755
OGLE LMC-HB-0407,-0.16832995010568194
OGLE LMC-HB-0408,-0.1685669794082174
OGLE LMC-HB-0409,0.09437045830505489
OGLE LMC-HB-0410,0.654692488417948
OGLE LMC-HB-0411,0.17978995584245916
OGLE LMC-HB-0412,-0.02758811047579955
OGLE LMC-HB-0413,-0.09507983636601534
OGLE LMC-HB-0414,-0.06409826509601654
OGLE LMC-HB-0415,0.06740181901457326
OGLE LMC-HB-0416,0.02437341287523354
OGLE LMC-HB-0417,0.08927454876562334
OGLE LMC-HB-0418,1.7764801002788575
OGLE LMC-HB-0419,0.012157147424593012
OGLE LMC-HB-0420,0.003382356294042397
OGLE LMC-HB-0421,-0.10740880358428076
OGLE LMC-HB-0422,0.033355266885205286
OGLE LMC-HB-0423,-0.18119418207554516
OGLE LMC-HB-0424,0.11359610864989536
OGLE LMC-HB-0425,-0.08857989338555076
OGLE LMC-HB-0426,0.0911924505679681
OGLE LMC-HB-0427,-0.06835231229202351
OGLE LMC-HB-0428,-0.06116783648855745
OGLE LMC-HB-0429,0.05485422263633039
OGLE LMC-HB-0430,0.045341237011055045
OGLE LMC-HB-0431,-0.07968797196777216
OGLE LMC-HB-0432,-0.08156501791126507
OGLE LMC-HB-0433,-0.18912617740360982
OGLE LMC-HB-0434,0.02435589332215718
OGLE LMC-HB-0435,-0.06578957923181902
OGLE LMC-HB-0436,0.009361728156643979
OGLE LMC-HB-0437,0.08816149857921352
OGLE LMC-HB-0438,-0.28333636373755433
OGLE LMC-HB-0439,-0.007244584609820194
OGLE SMC-HB-0001,0.63109614516399
OGLE SMC-HB-0002,-0.01095380167792739
OGLE SMC-HB-0003,-0.10868146439909138
OGLE SMC-HB-0004,-1.2473620185460461
OGLE SMC-HB-0005,-1.8759612183188747
OGLE SMC-HB-0006,-1.0045819603283133
OGLE SMC-HB-0007,-1.1123228284484414
OGLE SMC-HB-0008,0.07244887576908579
OGLE SMC-HB-0009,-0.19879895473409906
OGLE SMC-HB-0010,-0.21667644231080313
OGLE SMC-HB-0011,-0.38058789499288037
OGLE SMC-HB-0012,-0.5736373071144237
OGLE SMC-HB-0013,-2.740738902292527
OGLE SMC-HB-0014,-1.1040836846060709
OGLE SMC-HB-0015,-0.04004425332137229
OGLE SMC-HB-0016,0.7754238355202366
OGLE SMC-HB-0017,-1.9483579815684833
OGLE SMC-HB-0018,0.26280806270275475
OGLE SMC-HB-0019,-0.3201997495126788
OGLE SMC-HB-0020,2.152070755770824
OGLE SMC-HB-0021,-0.21865708716882631
OGLE SMC-HB-0022,-0.3225576783066746
OGLE SMC-HB-0023,-0.011476743994417723
OGLE SMC-HB-0024,-0.5303917853242297
OGLE SMC-HB-0025,-1.7456658448156033
OGLE SMC-HB-0026,-0.018005267158132637
OGLE SMC-HB-0027,-0.15834341829275211
OGLE SMC-HB-0028,-1.8154249395053923
OGLE SMC-HB-0029,-1.3634006422081848
OGLE SMC-HB-0030,-0.14905231783039194
OGLE SMC-HB-0031,-1.3005864214148029
OGLE SMC-HB-0032,-0.40633695629545996
OGLE SMC-HB-0033,-1.6009113110749007
OGLE SMC-HB-0034,-0.0880266583791396
OGLE SMC-HB-0035,0.16776777810312435
OGLE SMC-HB-0036,-0.3054032904197538
OGLE SMC-HB-0037,0.70579388696388
OGLE SMC-HB-0038,-0.2526652227382489
OGLE SMC-HB-0039,-0.015769578276063782
OGLE SMC-HB-0040,-0.47469905972884197
